EmployeeId,Transdate,DayOfWeek,CheckInTime,CheckOutTime,hours
52524,2024-06-02,6,09:00:00,17:34:00,8.566666666666666
52524,2024-06-03,6,09:50:00,18:39:00,8.816666666666666
52524,2024-06-04,0,12:14:00,17:30:00,5.266666666666667
52524,2024-06-05,0,10:12:00,17:55:00,7.716666666666667
52524,2024-06-06,1,07:40:00,17:09:00,9.483333333333333
52524,2024-06-08,1,12:18:00,19:26:00,7.133333333333334
52524,2024-06-10,2,09:57:00,20:27:00,10.5
52524,2024-06-11,2,09:00:00,18:18:00,9.3
52524,2024-06-12,3,09:54:00,17:46:00,7.866666666666666
52524,2024-06-13,3,09:00:00,13:35:00,4.583333333333333
52524,2024-06-23,5,08:54:00,17:53:00,8.983333333333333
52524,2024-07-08,5,09:00:00,17:48:00,8.8
52524,2024-07-09,0,09:11:00,17:41:00,8.5
52524,2024-07-10,0,09:53:00,17:28:00,7.583333333333333
52524,2024-07-14,1,09:44:00,17:27:00,7.716666666666667
52524,2024-07-15,1,09:15:00,17:59:00,8.733333333333333
52524,2024-07-16,2,09:45:00,17:33:00,7.8
52524,2024-07-17,2,10:08:00,17:22:00,7.233333333333333
52524,2024-07-18,3,09:30:00,17:18:00,7.8
52524,2024-07-20,3,12:10:00,18:00:00,5.833333333333333
52524,2024-07-21,6,11:30:00,17:38:00,6.133333333333334
52524,2024-07-23,6,12:06:00,17:35:00,5.483333333333333
52524,2024-07-24,0,10:08:00,18:13:00,8.083333333333334
52524,2024-07-28,0,09:41:00,17:30:00,7.816666666666666
52524,2024-07-29,1,09:54:00,17:24:00,7.5
52524,2024-07-30,1,09:39:00,17:01:00,7.366666666666666
52524,2024-07-31,2,09:05:00,17:30:00,8.416666666666666
52524,2024-08-04,2,10:42:00,17:22:00,6.666666666666667
52524,2024-08-05,6,11:25:00,17:17:00,5.866666666666666
52528,2024-06-24,6,14:26:00,17:22:00,2.933333333333333
52528,2024-06-25,0,08:25:00,19:31:00,11.1
52528,2024-06-26,0,08:33:00,17:17:00,8.733333333333333
52528,2024-06-27,1,08:31:00,17:17:00,8.766666666666667
52528,2024-06-28,1,08:33:00,19:29:00,10.933333333333334
52528,2024-06-29,2,08:35:00,17:20:00,8.75
52528,2024-06-30,2,08:32:00,17:19:00,8.783333333333333
52528,2024-07-01,3,08:31:00,17:30:00,8.983333333333333
52528,2024-07-02,3,08:30:00,17:27:00,8.95
52528,2024-07-03,5,08:46:00,17:00:00,8.233333333333333
52528,2024-07-04,5,08:36:00,17:19:00,8.716666666666667
52528,2024-07-05,6,08:43:00,19:59:00,11.266666666666667
52528,2024-07-06,6,08:47:00,13:03:00,4.266666666666667
52528,2024-07-07,1,13:09:00,17:00:00,3.85
52528,2024-07-11,1,08:42:00,18:27:00,9.75
52528,2024-07-12,2,08:39:00,19:17:00,10.633333333333333
52528,2024-07-13,2,08:57:00,17:47:00,8.833333333333334
52528,2024-07-14,6,08:35:00,17:18:00,8.716666666666667
52528,2024-07-15,6,08:43:00,17:34:00,8.85
52528,2024-07-16,0,08:34:00,17:32:00,8.966666666666667
52528,2024-07-17,0,08:41:00,17:19:00,8.633333333333333
52528,2024-07-18,1,08:32:00,17:00:00,8.466666666666667
52528,2024-07-21,1,10:58:00,17:00:00,6.033333333333333
52528,2024-07-22,2,09:23:00,14:54:00,5.516666666666667
52528,2024-07-30,6,08:46:00,17:27:00,8.683333333333334
52528,2024-07-31,6,08:27:00,17:34:00,9.116666666666667
52528,2024-08-01,0,08:30:00,17:18:00,8.8
52528,2024-08-02,0,08:39:00,20:43:00,12.066666666666666
52528,2024-08-03,0,08:45:00,17:11:00,8.433333333333334
52528,2024-08-04,0,08:42:00,17:37:00,8.916666666666666
52528,2024-08-05,1,08:38:00,18:26:00,9.8
52529,2024-06-01,1,10:04:00,16:06:00,6.033333333333333
52529,2024-06-02,2,12:38:00,17:39:00,5.016666666666667
52529,2024-06-03,2,12:24:00,17:26:00,5.033333333333333
52529,2024-06-04,3,10:54:00,17:32:00,6.633333333333334
52529,2024-06-05,3,09:21:00,18:02:00,8.683333333333334
52529,2024-06-06,4,08:54:00,17:46:00,8.866666666666667
52529,2024-06-12,4,09:57:00,18:45:00,8.8
52529,2024-06-23,5,10:40:00,17:33:00,6.883333333333334
52529,2024-06-24,6,09:21:00,17:41:00,8.333333333333334
52529,2024-06-25,6,09:00:00,17:36:00,8.6
52529,2024-06-27,0,12:31:00,17:27:00,4.933333333333334
52529,2024-06-29,0,08:55:00,17:54:00,8.983333333333333
52529,2024-06-30,1,11:09:00,17:03:00,5.9
52529,2024-07-01,1,08:51:00,17:33:00,8.7
52529,2024-07-03,2,08:59:00,17:31:00,8.533333333333333
52529,2024-07-04,2,12:00:00,17:30:00,5.5
52529,2024-07-07,3,10:03:00,17:39:00,7.6
52529,2024-07-09,4,09:04:00,17:43:00,8.65
52529,2024-07-10,4,09:18:00,17:39:00,8.35
52529,2024-07-13,5,10:39:00,16:52:00,6.216666666666667
52529,2024-07-14,5,11:56:00,17:29:00,5.55
52529,2024-07-17,6,11:39:00,17:29:00,5.833333333333333
52529,2024-07-18,3,09:16:00,17:36:00,8.333333333333334
52529,2024-07-21,3,09:57:00,17:34:00,7.616666666666666
52529,2024-07-22,4,08:36:00,17:34:00,8.966666666666667
52529,2024-07-23,4,11:13:00,17:30:00,6.283333333333333
52529,2024-07-24,5,08:09:00,17:33:00,9.4
52529,2024-07-27,5,10:05:00,17:04:00,6.983333333333333
52529,2024-07-28,6,11:19:00,17:27:00,6.133333333333334
52529,2024-07-29,6,08:49:00,17:33:00,8.733333333333333
52529,2024-07-30,0,08:48:00,17:36:00,8.8
52529,2024-07-31,0,12:06:00,17:36:00,5.5
52529,2024-08-01,1,11:20:00,17:33:00,6.216666666666667
52529,2024-08-04,1,09:19:00,17:32:00,8.216666666666667
52529,2024-08-05,2,11:59:00,18:20:00,6.35
52530,2024-06-22,2,08:35:00,17:07:00,8.533333333333333
52530,2024-06-23,3,08:25:00,21:44:00,13.316666666666666
52530,2024-06-24,3,08:02:00,22:08:00,14.1
52530,2024-06-25,6,08:14:00,20:02:00,11.8
52530,2024-06-26,6,08:04:00,18:32:00,10.466666666666667
52530,2024-06-27,0,07:48:00,15:47:00,7.983333333333333
52530,2024-06-29,0,08:18:00,17:00:00,8.7
52530,2024-06-30,0,07:58:00,20:23:00,12.416666666666666
52530,2024-07-01,0,07:41:00,17:57:00,10.266666666666667
52530,2024-07-02,1,07:45:00,17:00:00,9.25
52530,2024-07-03,1,07:45:00,17:33:00,9.8
52530,2024-07-04,2,07:44:00,14:22:00,6.633333333333334
52530,2024-07-06,2,10:48:00,17:00:00,6.2
52530,2024-07-07,3,07:53:00,20:11:00,12.3
52530,2024-07-08,3,08:30:00,19:57:00,11.45
52530,2024-07-09,4,07:47:00,18:14:00,10.45
52530,2024-07-10,4,14:01:00,21:30:00,7.483333333333333
52530,2024-07-11,5,08:00:00,13:46:00,5.766666666666667
52530,2024-07-13,5,15:47:00,22:15:00,6.466666666666667
52530,2024-07-14,6,08:01:00,17:44:00,9.716666666666667
52530,2024-07-15,6,07:29:00,19:45:00,12.266666666666667
52530,2024-07-16,0,07:36:00,17:10:00,9.566666666666666
52530,2024-07-17,0,07:46:00,18:09:00,10.383333333333333
52530,2024-07-18,5,07:46:00,13:47:00,6.016666666666667
52530,2024-07-20,5,08:07:00,21:16:00,13.15
52530,2024-07-21,6,07:39:00,21:30:00,13.85
52530,2024-07-22,6,07:42:00,18:34:00,10.866666666666667
52530,2024-07-23,0,07:46:00,19:23:00,11.616666666666667
52530,2024-07-24,0,08:09:00,18:31:00,10.366666666666667
52530,2024-07-25,1,07:46:00,15:15:00,7.483333333333333
52530,2024-07-27,1,08:13:00,17:00:00,8.783333333333333
52530,2024-07-28,2,07:43:00,17:44:00,10.016666666666667
52530,2024-07-29,2,07:34:00,18:03:00,10.483333333333333
52530,2024-07-30,3,07:45:00,17:38:00,9.883333333333333
52530,2024-07-31,3,07:40:00,17:35:00,9.916666666666666
52530,2024-08-01,2,07:38:00,14:10:00,6.533333333333333
52530,2024-08-03,2,08:12:00,17:00:00,8.8
52530,2024-08-04,3,07:32:00,19:57:00,12.416666666666666
52530,2024-08-05,3,07:46:00,18:31:00,10.75
52531,2024-06-23,6,08:30:00,17:12:00,8.7
52531,2024-06-24,6,08:22:00,17:01:00,8.65
52531,2024-06-25,0,08:15:00,17:02:00,8.783333333333333
52531,2024-06-26,0,08:18:00,17:04:00,8.766666666666667
52531,2024-06-27,1,08:17:00,12:01:00,3.7333333333333334
52531,2024-06-29,1,08:06:00,17:02:00,8.933333333333334
52531,2024-06-30,3,08:05:00,17:03:00,8.966666666666667
52531,2024-07-01,3,08:15:00,17:05:00,8.833333333333334
52531,2024-07-02,5,08:19:00,17:05:00,8.766666666666667
52531,2024-07-03,5,08:18:00,17:00:00,8.7
52531,2024-07-04,6,08:24:00,12:42:00,4.3
52531,2024-07-06,6,08:21:00,17:03:00,8.7
52531,2024-07-07,0,08:29:00,17:11:00,8.7
52531,2024-07-08,0,08:20:00,17:18:00,8.966666666666667
52531,2024-07-09,2,08:15:00,17:06:00,8.85
52531,2024-07-10,2,08:18:00,17:11:00,8.883333333333333
52531,2024-07-13,3,08:16:00,17:13:00,8.95
52531,2024-07-14,3,08:19:00,17:04:00,8.75
52531,2024-07-15,6,08:17:00,17:01:00,8.733333333333333
52531,2024-07-16,6,08:12:00,17:53:00,9.683333333333334
52531,2024-07-17,0,08:25:00,17:03:00,8.633333333333333
52531,2024-07-18,0,08:02:00,13:03:00,5.016666666666667
52531,2024-07-20,1,07:59:00,17:06:00,9.116666666666667
52531,2024-07-21,1,08:09:00,17:07:00,8.966666666666667
52531,2024-07-22,2,08:04:00,17:00:00,8.933333333333334
52531,2024-07-23,2,08:12:00,17:15:00,9.05
52531,2024-07-24,5,08:06:00,16:44:00,8.633333333333333
52531,2024-07-27,5,08:18:00,17:02:00,8.733333333333333
52531,2024-07-28,6,08:25:00,17:06:00,8.683333333333334
52531,2024-07-29,6,08:12:00,17:18:00,9.1
52531,2024-07-30,0,08:13:00,17:05:00,8.866666666666667
52531,2024-07-31,2,08:08:00,17:04:00,8.933333333333334
52531,2024-08-01,2,08:15:00,16:20:00,8.083333333333334
52531,2024-08-02,3,08:15:00,17:01:00,8.766666666666667
52531,2024-08-03,3,08:01:00,17:05:00,9.066666666666666
52531,2024-08-04,6,08:08:00,17:00:00,8.866666666666667
52531,2024-08-05,6,08:33:00,17:16:00,8.716666666666667
52532,2024-06-24,0,10:44:00,17:01:00,6.283333333333333
52532,2024-06-25,0,08:33:00,17:03:00,8.5
52532,2024-06-26,1,08:27:00,17:00:00,8.55
52532,2024-07-06,1,08:44:00,17:00:00,8.266666666666667
52532,2024-07-07,2,08:01:00,17:06:00,9.083333333333334
52532,2024-07-08,2,08:19:00,19:12:00,10.883333333333333
52532,2024-07-14,5,12:49:00,17:33:00,4.733333333333333
52532,2024-07-15,5,08:30:00,18:32:00,10.033333333333333
52532,2024-07-16,6,08:09:00,16:48:00,8.65
52532,2024-07-17,6,08:17:00,17:33:00,9.266666666666667
52532,2024-07-19,0,08:12:00,17:12:00,9.0
52532,2024-07-20,0,08:35:00,16:42:00,8.116666666666667
52532,2024-07-22,1,10:18:00,17:28:00,7.166666666666667
52532,2024-07-25,1,08:37:00,18:17:00,9.666666666666666
52534,2024-07-07,2,09:08:00,17:18:00,8.166666666666666
52534,2024-07-08,2,10:48:00,17:45:00,6.95
52534,2024-07-09,3,09:13:00,17:39:00,8.433333333333334
52534,2024-07-10,3,09:04:00,19:46:00,10.7
52534,2024-07-14,6,09:11:00,18:07:00,8.933333333333334
52534,2024-07-15,6,09:08:00,18:11:00,9.05
52534,2024-07-16,0,09:05:00,17:39:00,8.566666666666666
52534,2024-07-17,0,09:11:00,17:46:00,8.583333333333334
52534,2024-07-18,5,09:07:00,17:30:00,8.383333333333333
52534,2024-07-21,5,08:56:00,18:04:00,9.133333333333333
52534,2024-07-22,6,08:56:00,19:19:00,10.383333333333333
52534,2024-07-23,6,09:20:00,17:59:00,8.65
52534,2024-07-24,0,09:19:00,18:17:00,8.966666666666667
52534,2024-07-28,0,09:05:00,17:40:00,8.583333333333334
52534,2024-07-29,1,09:07:00,18:59:00,9.866666666666667
52534,2024-07-30,1,09:31:00,18:11:00,8.666666666666666
52534,2024-07-31,2,09:05:00,18:01:00,8.933333333333334
52534,2024-08-01,2,09:13:00,19:27:00,10.233333333333333
52534,2024-08-04,3,09:02:00,17:39:00,8.616666666666667
52535,2024-06-02,3,10:29:00,17:26:00,6.95
52535,2024-06-04,5,08:36:00,17:30:00,8.9
52535,2024-06-05,5,12:01:00,17:49:00,5.8
52535,2024-06-06,6,09:00:00,17:27:00,8.45
52535,2024-06-11,6,08:32:00,17:39:00,9.116666666666667
52535,2024-06-12,0,11:26:00,15:29:00,4.05
52535,2024-06-13,0,10:28:00,17:30:00,7.033333333333333
52535,2024-06-23,1,08:31:00,17:33:00,9.033333333333333
52535,2024-06-24,1,08:28:00,17:29:00,9.016666666666667
52535,2024-06-30,2,08:28:00,17:30:00,9.033333333333333
52535,2024-07-03,2,08:21:00,17:27:00,9.1
52535,2024-07-06,3,08:50:00,17:30:00,8.666666666666666
52535,2024-07-07,3,08:28:00,17:26:00,8.966666666666667
52535,2024-07-08,5,08:23:00,17:30:00,9.116666666666667
52535,2024-07-09,5,08:29:00,17:37:00,9.133333333333333
52535,2024-07-10,6,08:27:00,17:27:00,9.0
52535,2024-07-16,6,08:24:00,17:30:00,9.1
52535,2024-07-18,0,08:30:00,17:31:00,9.016666666666667
52535,2024-07-21,0,08:28:00,17:32:00,9.066666666666666
52535,2024-07-22,1,08:30:00,17:32:00,9.033333333333333
52535,2024-07-24,1,08:30:00,17:31:00,9.016666666666667
52535,2024-07-28,2,11:12:00,17:29:00,6.283333333333333
52535,2024-07-29,2,08:33:00,17:30:00,8.95
52535,2024-07-31,3,08:53:00,17:28:00,8.583333333333334
52535,2024-08-01,3,08:31:00,17:33:00,9.033333333333333
52535,2024-08-03,5,08:29:00,17:30:00,9.016666666666667
52536,2024-06-25,5,12:58:00,20:02:00,7.066666666666666
52536,2024-06-26,6,07:54:00,18:31:00,10.616666666666667
52536,2024-06-27,6,07:58:00,17:00:00,9.033333333333333
52536,2024-07-04,0,08:30:00,14:12:00,5.7
52536,2024-07-13,0,08:22:00,17:00:00,8.633333333333333
52536,2024-07-15,1,08:18:00,23:52:00,15.566666666666666
52536,2024-07-16,1,07:59:00,23:56:00,15.95
52536,2024-07-17,2,07:51:00,23:30:00,15.65
52536,2024-07-18,2,07:52:00,23:30:00,15.633333333333333
52536,2024-07-19,3,08:04:00,23:30:00,15.433333333333334
52536,2024-07-20,3,07:49:00,23:30:00,15.683333333333334
52536,2024-07-21,5,07:53:00,23:33:00,15.666666666666666
52536,2024-07-22,5,07:51:00,23:30:00,15.65
52536,2024-07-23,6,07:59:00,23:32:00,15.55
52536,2024-07-24,6,07:52:00,23:34:00,15.7
52536,2024-07-25,0,07:50:00,23:30:00,15.666666666666666
52536,2024-07-26,0,07:55:00,23:37:00,15.7
52536,2024-07-27,1,07:45:00,23:32:00,15.783333333333333
52536,2024-07-28,1,07:16:00,23:35:00,16.316666666666666
52536,2024-07-29,2,07:20:00,23:32:00,16.2
52536,2024-07-30,2,07:26:00,23:34:00,16.133333333333333
52536,2024-07-31,3,07:15:00,23:36:00,16.35
52536,2024-08-01,3,07:25:00,23:31:00,16.1
52536,2024-08-02,5,07:11:00,23:30:00,16.316666666666666
52536,2024-08-03,5,07:16:00,23:35:00,16.316666666666666
52536,2024-08-04,6,07:16:00,23:35:00,16.316666666666666
52537,2024-06-24,6,08:55:00,17:28:00,8.55
52537,2024-06-25,0,08:25:00,19:35:00,11.166666666666666
52537,2024-06-26,0,08:33:00,17:17:00,8.733333333333333
52537,2024-06-27,1,08:31:00,17:16:00,8.75
52537,2024-06-28,1,08:33:00,19:29:00,10.933333333333334
52537,2024-06-29,2,08:35:00,17:20:00,8.75
52537,2024-06-30,2,08:32:00,17:20:00,8.8
52537,2024-07-01,3,08:31:00,17:29:00,8.966666666666667
52537,2024-07-02,3,08:30:00,17:27:00,8.95
52537,2024-07-03,5,08:46:00,17:00:00,8.233333333333333
52537,2024-07-09,5,08:30:00,16:59:00,8.483333333333333
52537,2024-07-10,6,08:28:00,17:38:00,9.166666666666666
52537,2024-07-11,6,08:42:00,12:05:00,3.3833333333333333
52537,2024-07-13,0,08:55:00,19:55:00,11.0
52537,2024-07-15,0,08:30:00,20:05:00,11.583333333333334
52537,2024-07-16,6,08:29:00,17:58:00,9.483333333333333
52537,2024-07-17,6,08:43:00,17:02:00,8.316666666666666
52537,2024-07-18,0,08:18:00,12:30:00,4.2
52537,2024-07-20,0,14:33:00,17:15:00,2.7
52537,2024-07-21,1,08:52:00,17:09:00,8.283333333333333
52537,2024-07-22,1,08:26:00,17:23:00,8.95
52537,2024-07-23,2,13:39:00,17:02:00,3.3833333333333333
52537,2024-07-24,2,08:15:00,16:55:00,8.666666666666666
52537,2024-07-25,3,08:00:00,12:12:00,4.2
52538,2024-06-23,3,08:30:00,14:29:00,5.983333333333333
52538,2024-06-24,5,08:47:00,13:42:00,4.916666666666667
52538,2024-06-25,5,08:38:00,15:31:00,6.883333333333334
52538,2024-07-02,6,08:54:00,17:00:00,8.1
52538,2024-07-03,6,09:02:00,17:01:00,7.983333333333333
52538,2024-07-04,0,09:00:00,12:02:00,3.033333333333333
52538,2024-07-06,0,08:28:00,16:52:00,8.4
52538,2024-07-08,1,08:42:00,17:18:00,8.6
52538,2024-07-10,1,08:45:00,17:13:00,8.466666666666667
52538,2024-07-11,2,08:29:00,12:01:00,3.533333333333333
52538,2024-07-12,2,09:33:00,23:57:00,14.4
52538,2024-07-13,3,00:05:00,17:00:00,16.916666666666668
52538,2024-07-14,3,08:54:00,15:34:00,6.666666666666667
52538,2024-07-15,5,08:51:00,17:01:00,8.166666666666666
52538,2024-07-16,5,09:14:00,15:56:00,6.7
52538,2024-07-17,6,08:50:00,17:00:00,8.166666666666666
52538,2024-07-18,6,08:53:00,13:01:00,4.133333333333334
52538,2024-07-20,0,08:37:00,17:06:00,8.483333333333333
52538,2024-07-21,0,08:47:00,17:04:00,8.283333333333333
52538,2024-07-22,1,08:42:00,17:07:00,8.416666666666666
52538,2024-07-23,1,08:46:00,17:15:00,8.483333333333333
52538,2024-07-24,2,08:45:00,16:44:00,7.983333333333333
52538,2024-07-29,2,08:55:00,17:19:00,8.4
52538,2024-07-30,5,09:08:00,17:14:00,8.1
52538,2024-07-31,5,08:58:00,17:41:00,8.716666666666667
52538,2024-08-01,6,08:52:00,15:22:00,6.5
52538,2024-08-05,6,08:55:00,17:02:00,8.116666666666667
52539,2024-06-02,0,08:43:00,18:00:00,9.283333333333333
52539,2024-06-03,0,08:39:00,17:08:00,8.483333333333333
52539,2024-06-04,1,08:36:00,18:09:00,9.55
52539,2024-06-05,1,08:43:00,18:56:00,10.216666666666667
52539,2024-06-06,2,08:39:00,17:29:00,8.833333333333334
52539,2024-06-08,2,11:03:00,17:30:00,6.45
52539,2024-06-09,3,09:00:00,17:02:00,8.033333333333333
52539,2024-06-10,3,08:45:00,17:30:00,8.75
52539,2024-06-12,5,08:42:00,17:31:00,8.816666666666666
52539,2024-06-13,5,09:52:00,17:32:00,7.666666666666667
52539,2024-06-23,6,08:39:00,17:28:00,8.816666666666666
52539,2024-06-24,6,08:39:00,17:39:00,9.0
52539,2024-06-25,0,08:39:00,17:34:00,8.916666666666666
52539,2024-06-26,0,08:38:00,17:36:00,8.966666666666667
52539,2024-06-27,1,08:35:00,17:49:00,9.233333333333333
52539,2024-07-01,1,10:01:00,17:31:00,7.5
52539,2024-07-02,2,08:36:00,17:45:00,9.15
52539,2024-07-03,2,08:36:00,17:30:00,8.9
52539,2024-07-04,5,08:32:00,17:42:00,9.166666666666666
52539,2024-07-06,5,10:54:00,17:58:00,7.066666666666666
52539,2024-07-07,6,08:36:00,17:30:00,8.9
52539,2024-07-08,6,08:34:00,17:38:00,9.066666666666666
52539,2024-07-10,0,08:33:00,17:29:00,8.933333333333334
52539,2024-07-14,0,08:32:00,17:29:00,8.95
52539,2024-07-15,1,08:30:00,17:33:00,9.05
52539,2024-07-16,1,08:30:00,17:29:00,8.983333333333333
52539,2024-07-17,2,08:31:00,17:37:00,9.1
52539,2024-07-18,2,08:29:00,17:23:00,8.9
52539,2024-07-20,3,08:27:00,15:34:00,7.116666666666666
52539,2024-07-21,3,08:31:00,17:30:00,8.983333333333333
52539,2024-07-23,4,08:30:00,17:31:00,9.016666666666667
52539,2024-07-24,4,08:36:00,17:31:00,8.916666666666666
52539,2024-07-28,5,08:39:00,17:43:00,9.066666666666666
52539,2024-07-29,5,08:28:00,19:01:00,10.55
52539,2024-07-30,6,08:43:00,17:30:00,8.783333333333333
52539,2024-07-31,6,08:30:00,17:28:00,8.966666666666667
52539,2024-08-01,0,08:38:00,19:14:00,10.6
52539,2024-08-03,0,08:35:00,16:06:00,7.516666666666667
52539,2024-08-04,0,08:40:00,17:25:00,8.75
52539,2024-08-05,0,08:41:00,17:26:00,8.75
52540,2024-06-02,1,08:33:00,17:44:00,9.183333333333334
52540,2024-06-03,1,08:44:00,19:07:00,10.383333333333333
52540,2024-06-04,2,08:42:00,18:41:00,9.983333333333333
52540,2024-06-05,2,08:42:00,18:56:00,10.233333333333333
52540,2024-06-06,5,08:51:00,17:30:00,8.65
52540,2024-06-09,5,08:45:00,17:24:00,8.65
52540,2024-06-10,6,08:44:00,18:34:00,9.833333333333334
52540,2024-06-11,6,08:38:00,17:30:00,8.866666666666667
52540,2024-06-12,0,08:46:00,17:09:00,8.383333333333333
52540,2024-06-13,0,08:44:00,17:30:00,8.766666666666667
52540,2024-06-23,6,08:52:00,17:33:00,8.683333333333334
52540,2024-06-24,6,08:44:00,17:36:00,8.866666666666667
52540,2024-06-25,0,08:50:00,17:33:00,8.716666666666667
52540,2024-06-26,0,09:02:00,17:34:00,8.533333333333333
52540,2024-06-30,1,08:38:00,17:36:00,8.966666666666667
52540,2024-07-01,1,08:46:00,17:34:00,8.8
52540,2024-07-02,2,09:02:00,17:35:00,8.55
52540,2024-07-03,2,08:52:00,17:32:00,8.666666666666666
52540,2024-07-04,4,09:20:00,17:30:00,8.166666666666666
52540,2024-07-06,4,08:32:00,17:34:00,9.033333333333333
52540,2024-07-07,5,08:51:00,17:30:00,8.65
52540,2024-07-08,5,08:54:00,17:35:00,8.683333333333334
52540,2024-07-09,0,08:46:00,17:38:00,8.866666666666667
52540,2024-07-10,0,09:04:00,17:44:00,8.666666666666666
52540,2024-07-14,3,08:51:00,17:31:00,8.666666666666666
52540,2024-07-15,3,08:57:00,18:18:00,9.35
52540,2024-07-16,6,08:44:00,17:33:00,8.816666666666666
52540,2024-07-17,6,09:04:00,16:59:00,7.916666666666667
52540,2024-07-18,0,08:43:00,17:25:00,8.7
52540,2024-07-20,0,08:51:00,15:32:00,6.683333333333334
52540,2024-07-21,1,08:52:00,17:34:00,8.7
52540,2024-07-22,1,09:00:00,17:31:00,8.516666666666667
52540,2024-07-23,2,08:47:00,17:30:00,8.716666666666667
52540,2024-07-28,2,08:57:00,17:31:00,8.566666666666666
52540,2024-07-29,6,09:47:00,17:30:00,7.716666666666667
52540,2024-07-30,6,10:59:00,17:30:00,6.516666666666667
52540,2024-07-31,0,08:56:00,17:30:00,8.566666666666666
52540,2024-08-01,0,09:08:00,17:30:00,8.366666666666667
52540,2024-08-03,1,08:44:00,17:30:00,8.766666666666667
52540,2024-08-04,1,10:48:00,17:30:00,6.7
52540,2024-08-05,2,09:11:00,17:18:00,8.116666666666667
52541,2024-06-02,2,12:17:00,16:33:00,4.266666666666667
52541,2024-06-03,3,10:37:00,17:30:00,6.883333333333334
52541,2024-06-04,3,11:27:00,17:30:00,6.05
52541,2024-06-06,6,11:24:00,17:30:00,6.1
52541,2024-06-09,6,13:00:00,17:22:00,4.366666666666666
52541,2024-06-10,0,09:33:00,18:33:00,9.0
52541,2024-06-11,0,12:56:00,18:02:00,5.1
52541,2024-06-12,1,09:12:00,18:10:00,8.966666666666667
52541,2024-06-13,1,10:52:00,14:14:00,3.3666666666666667
52541,2024-06-24,2,08:57:00,17:33:00,8.6
52541,2024-06-25,2,09:27:00,15:42:00,6.25
52541,2024-06-26,6,13:42:00,17:29:00,3.783333333333333
52541,2024-06-27,6,12:48:00,15:32:00,2.7333333333333334
52541,2024-06-30,0,09:10:00,14:43:00,5.55
52541,2024-07-01,0,09:01:00,17:34:00,8.55
52541,2024-07-02,1,09:34:00,15:47:00,6.216666666666667
52541,2024-07-03,1,08:59:00,17:30:00,8.516666666666667
52541,2024-07-07,2,09:08:00,17:30:00,8.366666666666667
52541,2024-07-08,2,09:00:00,17:45:00,8.75
52541,2024-07-09,3,09:13:00,17:39:00,8.433333333333334
52541,2024-07-14,3,09:11:00,17:43:00,8.533333333333333
52541,2024-07-15,6,09:08:00,18:09:00,9.016666666666667
52541,2024-07-16,6,09:05:00,17:38:00,8.55
52541,2024-07-17,6,09:11:00,17:45:00,8.566666666666666
52541,2024-07-18,6,09:07:00,17:32:00,8.416666666666666
52541,2024-07-23,1,09:19:00,17:59:00,8.666666666666666
52541,2024-07-24,1,09:18:00,17:30:00,8.2
52541,2024-07-29,2,09:07:00,17:30:00,8.383333333333333
52541,2024-07-30,2,09:31:00,18:01:00,8.5
52541,2024-07-31,3,09:05:00,18:02:00,8.95
52541,2024-08-01,3,09:13:00,17:30:00,8.283333333333333
52542,2024-06-22,1,08:01:00,16:33:00,8.533333333333333
52542,2024-06-23,1,08:15:00,16:51:00,8.6
52542,2024-06-24,2,08:01:00,17:00:00,8.983333333333333
52542,2024-06-25,2,08:04:00,17:00:00,8.933333333333334
52542,2024-06-26,3,08:14:00,17:00:00,8.766666666666667
52542,2024-06-27,3,08:02:00,12:00:00,3.966666666666667
52542,2024-06-29,6,08:53:00,17:01:00,8.133333333333333
52542,2024-06-30,6,08:22:00,11:44:00,3.3666666666666667
52542,2024-07-01,0,08:06:00,17:01:00,8.916666666666666
52542,2024-07-02,0,07:59:00,17:02:00,9.05
52542,2024-07-06,6,07:55:00,17:00:00,9.083333333333334
52542,2024-07-07,6,08:13:00,17:01:00,8.8
52542,2024-07-08,2,07:51:00,17:00:00,9.15
52542,2024-07-09,2,07:54:00,17:00:00,9.1
52542,2024-07-10,5,07:40:00,17:00:00,9.333333333333334
52542,2024-07-11,5,07:58:00,12:30:00,4.533333333333333
52542,2024-07-13,6,07:59:00,15:00:00,7.016666666666667
52542,2024-07-14,6,08:12:00,16:42:00,8.5
52542,2024-07-15,0,07:56:00,16:30:00,8.566666666666666
52542,2024-07-16,0,07:58:00,17:54:00,9.933333333333334
52542,2024-07-17,1,08:02:00,16:33:00,8.516666666666667
52542,2024-07-18,1,07:49:00,12:06:00,4.283333333333333
52542,2024-07-20,2,07:51:00,16:34:00,8.716666666666667
52542,2024-07-21,2,07:48:00,14:35:00,6.783333333333333
52542,2024-07-22,1,08:06:00,16:38:00,8.533333333333333
52542,2024-07-23,1,08:21:00,16:51:00,8.5
52542,2024-07-24,3,07:50:00,16:33:00,8.716666666666667
52542,2024-07-27,3,08:16:00,16:52:00,8.6
52542,2024-07-29,6,07:55:00,16:29:00,8.566666666666666
52542,2024-07-30,6,08:03:00,16:36:00,8.55
52542,2024-07-31,0,08:03:00,16:30:00,8.45
52542,2024-08-01,0,08:01:00,12:00:00,3.9833333333333334
52542,2024-08-03,2,07:46:00,16:32:00,8.766666666666667
52542,2024-08-04,2,08:00:00,16:31:00,8.516666666666667
52542,2024-08-05,6,07:56:00,16:30:00,8.566666666666666
52543,2024-06-21,0,07:02:00,17:00:00,9.966666666666667
52543,2024-06-22,0,06:57:00,17:00:00,10.05
52543,2024-07-04,2,08:33:00,17:00:00,8.45
52543,2024-07-05,2,07:47:00,17:00:00,9.216666666666667
52543,2024-07-06,3,07:03:00,17:00:00,9.95
52543,2024-07-07,3,07:20:00,17:00:00,9.666666666666666
52543,2024-07-08,5,07:38:00,17:00:00,9.366666666666667
52543,2024-07-09,5,07:10:00,17:00:00,9.833333333333334
52543,2024-07-10,1,07:27:00,17:00:00,9.55
52543,2024-07-12,1,07:01:00,17:00:00,9.983333333333333
52543,2024-07-13,2,07:31:00,17:00:00,9.483333333333333
52543,2024-07-14,2,07:27:00,17:00:00,9.55
52543,2024-07-15,3,07:18:00,23:21:00,16.05
52543,2024-07-16,3,07:07:00,23:39:00,16.533333333333335
52543,2024-07-17,3,07:14:00,23:51:00,16.616666666666667
52543,2024-07-18,3,07:10:00,23:32:00,16.366666666666667
52543,2024-07-19,5,07:31:00,23:47:00,16.266666666666666
52543,2024-07-20,5,07:22:00,23:45:00,16.383333333333333
52543,2024-07-21,0,07:48:00,23:47:00,15.983333333333333
52543,2024-07-22,0,07:14:00,23:46:00,16.533333333333335
52543,2024-07-23,1,07:32:00,23:46:00,16.233333333333334
52543,2024-07-24,1,07:21:00,23:45:00,16.4
52543,2024-07-25,2,07:00:00,23:46:00,16.766666666666666
52543,2024-07-26,2,06:42:00,23:39:00,16.95
52543,2024-07-27,3,07:29:00,17:00:00,9.516666666666667
52543,2024-08-05,3,08:27:00,17:15:00,8.8
52544,2024-06-22,4,08:35:00,17:11:00,8.6
52544,2024-06-23,4,08:10:00,17:25:00,9.25
52544,2024-06-24,5,07:35:00,18:21:00,10.766666666666667
52544,2024-06-25,5,07:51:00,17:18:00,9.45
52544,2024-06-26,6,07:54:00,18:14:00,10.333333333333334
52544,2024-06-27,6,07:54:00,16:18:00,8.4
52544,2024-06-29,0,08:19:00,19:39:00,11.333333333333334
52544,2024-06-30,0,07:42:00,20:45:00,13.05
52544,2024-07-01,1,08:00:00,17:16:00,9.266666666666667
52544,2024-07-02,1,07:53:00,17:37:00,9.733333333333333
52544,2024-07-03,2,07:41:00,18:17:00,10.6
52544,2024-07-04,2,07:47:00,14:08:00,6.35
52544,2024-07-06,3,08:14:00,17:09:00,8.916666666666666
52544,2024-07-07,3,07:45:00,17:42:00,9.95
52544,2024-07-08,4,07:33:00,17:18:00,9.75
52544,2024-07-09,4,07:28:00,17:02:00,9.566666666666666
52544,2024-07-10,5,07:43:00,17:09:00,9.433333333333334
52544,2024-07-11,5,07:41:00,13:46:00,6.083333333333333
52544,2024-07-13,6,08:13:00,17:58:00,9.75
52544,2024-07-14,6,07:43:00,17:38:00,9.916666666666666
52544,2024-07-15,0,07:31:00,19:39:00,12.133333333333333
52544,2024-07-16,0,07:34:00,17:08:00,9.566666666666666
52544,2024-07-17,1,07:28:00,17:24:00,9.933333333333334
52544,2024-07-18,1,07:28:00,14:00:00,6.533333333333333
52544,2024-07-20,2,08:07:00,20:16:00,12.15
52544,2024-07-21,2,07:25:00,18:05:00,10.666666666666666
52544,2024-07-22,3,07:27:00,18:20:00,10.883333333333333
52544,2024-07-23,3,07:29:00,20:28:00,12.983333333333333
52544,2024-07-24,4,07:36:00,18:30:00,10.9
52544,2024-07-25,4,07:56:00,15:16:00,7.333333333333333
52544,2024-07-27,5,08:14:00,17:59:00,9.75
52544,2024-07-28,5,07:19:00,19:49:00,12.5
52544,2024-07-29,6,07:17:00,19:43:00,12.433333333333334
52544,2024-07-30,6,07:34:00,19:04:00,11.5
52544,2024-07-31,0,07:32:00,17:04:00,9.533333333333333
52544,2024-08-01,0,07:22:00,14:10:00,6.8
52544,2024-08-03,1,08:15:00,19:18:00,11.05
52544,2024-08-04,1,07:25:00,22:57:00,15.533333333333333
52544,2024-08-05,2,07:39:00,18:33:00,10.9
52546,2024-06-24,2,08:47:00,13:42:00,4.916666666666667
52546,2024-06-25,3,08:44:00,16:20:00,7.6
52546,2024-06-26,3,09:12:00,17:01:00,7.816666666666666
52546,2024-07-01,4,08:52:00,16:31:00,7.65
52546,2024-07-02,4,08:54:00,17:19:00,8.416666666666666
52546,2024-07-03,5,09:02:00,17:02:00,8.0
52546,2024-07-04,5,09:00:00,12:03:00,3.05
52546,2024-07-06,6,08:28:00,16:52:00,8.4
52546,2024-07-07,6,08:39:00,17:22:00,8.716666666666667
52546,2024-07-08,0,08:42:00,17:18:00,8.6
52546,2024-07-09,0,08:46:00,17:06:00,8.333333333333334
52546,2024-07-10,1,08:45:00,17:33:00,8.8
52546,2024-07-11,1,08:29:00,12:01:00,3.533333333333333
52546,2024-07-12,2,09:32:00,23:59:00,14.45
52546,2024-07-13,2,00:07:00,17:00:00,16.883333333333333
52546,2024-07-20,1,08:37:00,17:07:00,8.5
52546,2024-07-21,1,08:47:00,17:07:00,8.333333333333334
52546,2024-07-22,2,08:41:00,17:08:00,8.45
52546,2024-07-23,2,08:44:00,17:15:00,8.516666666666667
52546,2024-07-24,3,08:45:00,16:44:00,7.983333333333333
52546,2024-07-27,3,08:59:00,17:30:00,8.516666666666667
52546,2024-07-29,5,08:55:00,17:18:00,8.383333333333333
52546,2024-07-30,5,09:08:00,17:14:00,8.1
52546,2024-07-31,0,08:57:00,17:40:00,8.716666666666667
52546,2024-08-01,0,08:50:00,15:17:00,6.45
52546,2024-08-03,1,09:01:00,17:13:00,8.2
52546,2024-08-05,1,08:55:00,17:01:00,8.1
52548,2024-06-02,2,12:31:00,19:57:00,7.433333333333334
52548,2024-06-04,3,13:34:00,20:51:00,7.283333333333333
52548,2024-06-05,3,14:54:00,20:38:00,5.733333333333333
52548,2024-06-06,5,14:19:00,20:56:00,6.616666666666666
52548,2024-06-09,5,12:42:00,23:59:00,11.283333333333333
52548,2024-06-10,6,11:29:00,19:12:00,7.716666666666667
52548,2024-06-11,6,06:00:00,15:05:00,9.083333333333334
52548,2024-06-12,0,12:34:00,21:01:00,8.45
52548,2024-06-13,0,12:27:00,15:27:00,3.0
52548,2024-06-24,1,14:00:00,23:14:00,9.233333333333333
52548,2024-06-26,2,14:55:00,21:06:00,6.183333333333334
52548,2024-07-01,3,06:00:00,17:03:00,11.05
52548,2024-07-04,6,12:38:00,23:59:00,11.35
52548,2024-07-07,0,06:00:00,22:29:00,16.483333333333334
52548,2024-07-24,5,06:00:00,15:44:00,9.733333333333333
52548,2024-07-28,0,17:16:00,22:33:00,5.283333333333333
52549,2024-06-01,4,11:27:00,17:30:00,6.05
52549,2024-06-02,4,08:49:00,17:18:00,8.483333333333333
52549,2024-06-03,5,08:57:00,17:17:00,8.333333333333334
52549,2024-06-04,5,10:06:00,18:09:00,8.05
52549,2024-06-06,6,08:52:00,17:16:00,8.4
52549,2024-06-09,6,09:04:00,17:16:00,8.2
52549,2024-06-10,0,09:06:00,19:28:00,10.366666666666667
52549,2024-06-11,0,09:06:00,17:21:00,8.25
52549,2024-06-12,1,09:02:00,17:25:00,8.383333333333333
52549,2024-06-23,1,09:22:00,17:16:00,7.9
52549,2024-06-24,2,08:53:00,17:27:00,8.566666666666666
52549,2024-06-25,2,08:57:00,17:52:00,8.916666666666666
52549,2024-06-26,3,09:17:00,17:26:00,8.15
52549,2024-06-27,3,08:50:00,17:48:00,8.966666666666667
52549,2024-06-30,5,10:51:00,14:43:00,3.8666666666666667
52549,2024-07-01,5,09:01:00,17:33:00,8.533333333333333
52549,2024-07-02,6,08:54:00,17:30:00,8.6
52549,2024-07-03,6,09:09:00,17:25:00,8.266666666666667
52549,2024-07-04,0,08:54:00,18:48:00,9.9
52549,2024-07-07,0,08:57:00,18:09:00,9.2
52549,2024-07-08,1,09:00:00,17:45:00,8.75
52549,2024-07-09,1,09:00:00,17:00:00,8.0
52549,2024-07-10,2,09:34:00,17:00:00,7.433333333333334
52549,2024-07-13,2,11:06:00,17:30:00,6.4
52549,2024-07-14,0,08:45:00,17:41:00,8.933333333333334
52549,2024-07-16,0,08:44:00,17:39:00,8.916666666666666
52549,2024-07-17,1,08:48:00,17:45:00,8.95
52549,2024-07-18,1,08:59:00,17:27:00,8.466666666666667
52549,2024-07-21,2,08:44:00,17:28:00,8.733333333333333
52549,2024-07-22,2,08:46:00,17:37:00,8.85
52549,2024-07-23,3,09:18:00,17:54:00,8.6
52549,2024-07-24,3,09:14:00,18:17:00,9.05
52549,2024-07-27,0,10:36:00,17:23:00,6.783333333333333
52549,2024-07-28,0,09:05:00,17:41:00,8.6
52549,2024-07-29,6,09:04:00,19:01:00,9.95
52549,2024-07-31,6,09:05:00,18:01:00,8.933333333333334
52549,2024-08-01,0,09:10:00,19:31:00,10.35
52549,2024-08-04,0,08:58:00,17:39:00,8.683333333333334
52549,2024-08-05,1,09:15:00,17:23:00,8.133333333333333
52550,2024-06-02,1,08:13:00,17:30:00,9.283333333333333
52550,2024-06-03,2,09:00:00,17:58:00,8.966666666666667
52551,2024-06-23,2,09:02:00,13:02:00,4.0
52551,2024-06-25,3,08:09:00,15:15:00,7.1
52551,2024-06-27,3,08:11:00,12:16:00,4.083333333333333
52551,2024-06-29,5,08:19:00,17:00:00,8.683333333333334
52551,2024-07-01,5,08:18:00,17:00:00,8.7
52551,2024-07-03,6,08:18:00,17:21:00,9.05
52551,2024-07-04,6,08:24:00,15:30:00,7.1
52551,2024-07-06,0,08:21:00,17:04:00,8.716666666666667
52551,2024-07-07,0,08:29:00,17:10:00,8.683333333333334
52551,2024-07-08,2,08:12:00,17:54:00,9.7
52551,2024-07-09,2,08:15:00,17:06:00,8.85
52551,2024-07-10,3,08:18:00,17:25:00,9.116666666666667
52551,2024-07-14,3,08:18:00,17:03:00,8.75
52551,2024-07-15,6,10:45:00,17:06:00,6.35
52551,2024-07-21,6,10:24:00,17:36:00,7.2
52551,2024-07-22,0,11:13:00,17:27:00,6.233333333333333
52551,2024-07-23,0,08:21:00,17:01:00,8.666666666666666
52551,2024-08-01,1,08:29:00,12:14:00,3.75
52551,2024-08-05,1,08:26:00,17:22:00,8.933333333333334
52552,2024-06-23,2,08:08:00,17:00:00,8.866666666666667
52552,2024-06-24,2,07:59:00,17:00:00,9.016666666666667
52552,2024-06-25,3,08:03:00,17:00:00,8.95
52552,2024-06-26,3,07:33:00,17:00:00,9.45
52552,2024-06-27,0,07:59:00,12:30:00,4.516666666666667
52552,2024-06-29,0,07:56:00,17:00:00,9.066666666666666
52552,2024-06-30,1,07:59:00,17:00:00,9.016666666666667
52552,2024-07-01,1,08:00:00,17:00:00,9.0
52552,2024-07-02,2,08:00:00,17:00:00,9.0
52552,2024-07-03,2,07:59:00,17:00:00,9.016666666666667
52552,2024-07-04,3,07:59:00,12:00:00,4.016666666666667
52552,2024-07-08,3,08:20:00,17:00:00,8.666666666666666
52552,2024-07-09,5,08:15:00,17:06:00,8.85
52552,2024-07-10,5,08:18:00,17:25:00,9.116666666666667
52552,2024-07-11,6,06:58:00,12:00:00,5.033333333333333
52552,2024-07-13,6,08:17:00,17:14:00,8.95
52552,2024-07-14,0,08:18:00,17:17:00,8.983333333333333
52552,2024-07-15,0,08:16:00,17:00:00,8.733333333333333
52552,2024-07-16,2,08:12:00,17:03:00,8.85
52552,2024-07-17,2,07:40:00,17:02:00,9.366666666666667
52552,2024-07-18,6,08:00:00,12:16:00,4.266666666666667
52552,2024-07-20,6,07:47:00,17:15:00,9.466666666666667
52552,2024-07-21,0,07:45:00,17:15:00,9.5
52552,2024-07-22,0,07:54:00,17:20:00,9.433333333333334
52552,2024-07-23,1,07:50:00,17:20:00,9.5
52552,2024-07-24,1,07:57:00,16:44:00,8.783333333333333
52552,2024-07-25,2,08:03:00,12:11:00,4.133333333333334
52552,2024-07-27,2,07:48:00,17:31:00,9.716666666666667
52552,2024-07-28,3,08:05:00,17:33:00,9.466666666666667
52552,2024-07-29,3,07:59:00,17:35:00,9.6
52552,2024-07-30,5,08:08:00,17:38:00,9.5
52552,2024-07-31,5,08:08:00,17:04:00,8.933333333333334
52552,2024-08-01,6,08:15:00,12:27:00,4.2
52552,2024-08-03,6,08:02:00,17:14:00,9.2
52552,2024-08-04,1,08:07:00,17:00:00,8.883333333333333
52552,2024-08-05,1,08:26:00,17:21:00,8.916666666666666
52553,2024-06-12,2,08:30:00,16:01:00,7.516666666666667
52553,2024-06-13,2,08:11:00,12:30:00,4.316666666666666
52553,2024-06-22,6,08:13:00,18:30:00,10.283333333333333
52553,2024-06-23,6,08:05:00,16:54:00,8.816666666666666
52553,2024-06-24,0,08:05:00,17:09:00,9.066666666666666
52553,2024-06-25,0,07:55:00,17:04:00,9.15
52553,2024-06-26,1,07:56:00,17:15:00,9.316666666666666
52553,2024-06-27,1,08:09:00,12:00:00,3.85
52553,2024-06-29,2,08:08:00,17:00:00,8.866666666666667
52553,2024-06-30,2,08:24:00,17:00:00,8.6
52553,2024-07-01,3,08:24:00,17:00:00,8.6
52553,2024-07-02,3,08:27:00,17:19:00,8.866666666666667
52553,2024-07-03,5,08:27:00,17:06:00,8.65
52553,2024-07-04,5,08:26:00,12:11:00,3.75
52553,2024-07-06,6,08:33:00,17:03:00,8.5
52553,2024-07-07,6,08:21:00,17:08:00,8.783333333333333
52553,2024-07-08,0,08:26:00,17:24:00,8.966666666666667
52553,2024-07-09,0,08:22:00,17:32:00,9.166666666666666
52553,2024-07-10,6,08:22:00,17:48:00,9.433333333333334
52553,2024-07-14,6,08:24:00,16:54:00,8.5
52553,2024-07-15,0,08:19:00,17:18:00,8.983333333333333
52553,2024-07-16,0,08:25:00,18:05:00,9.666666666666666
52553,2024-07-17,1,08:04:00,17:23:00,9.316666666666666
52553,2024-07-18,1,08:25:00,12:08:00,3.716666666666667
52553,2024-07-20,2,08:34:00,17:37:00,9.05
52553,2024-07-21,2,08:28:00,17:27:00,8.983333333333333
52553,2024-07-22,3,08:20:00,17:05:00,8.75
52553,2024-07-23,3,08:23:00,17:00:00,8.616666666666667
52553,2024-07-24,6,08:25:00,20:13:00,11.8
52553,2024-07-27,6,08:46:00,17:31:00,8.75
52553,2024-07-28,0,08:25:00,17:02:00,8.616666666666667
52553,2024-07-29,0,08:24:00,17:04:00,8.666666666666666
52553,2024-07-30,1,08:26:00,16:53:00,8.45
52553,2024-08-05,2,08:15:00,16:54:00,8.65
52554,2024-06-13,2,08:14:00,17:00:00,8.766666666666667
52554,2024-06-22,3,09:48:00,19:28:00,9.666666666666666
52554,2024-06-23,3,08:06:00,16:38:00,8.533333333333333
52554,2024-06-24,6,08:10:00,17:10:00,9.0
52554,2024-06-25,6,08:06:00,16:47:00,8.683333333333334
52554,2024-06-26,0,07:57:00,18:09:00,10.2
52554,2024-06-27,0,08:19:00,21:04:00,12.75
52554,2024-06-28,1,07:59:00,17:21:00,9.366666666666667
52554,2024-06-29,1,08:33:00,17:12:00,8.65
52554,2024-06-30,2,08:43:00,17:00:00,8.283333333333333
52554,2024-07-01,2,08:31:00,18:14:00,9.716666666666667
52554,2024-07-02,6,08:26:00,18:37:00,10.183333333333334
52554,2024-07-03,6,08:24:00,17:09:00,8.75
52554,2024-07-04,0,08:38:00,12:11:00,3.55
52554,2024-07-08,0,11:53:00,20:49:00,8.933333333333334
52554,2024-07-09,1,08:26:00,17:51:00,9.416666666666666
52554,2024-07-10,1,08:23:00,16:55:00,8.533333333333333
52554,2024-07-11,2,08:26:00,17:36:00,9.166666666666666
52554,2024-07-12,2,08:17:00,18:47:00,10.5
52554,2024-07-13,3,08:17:00,17:54:00,9.616666666666667
52554,2024-07-14,3,08:18:00,16:51:00,8.55
52554,2024-07-15,5,08:25:00,17:18:00,8.883333333333333
52554,2024-07-16,5,08:30:00,18:03:00,9.55
52554,2024-07-17,6,08:21:00,17:23:00,9.033333333333333
52554,2024-07-18,6,08:29:00,18:40:00,10.183333333333334
52554,2024-07-19,0,08:20:00,13:19:00,4.983333333333333
52554,2024-07-24,0,08:31:00,17:31:00,9.0
52554,2024-07-26,1,08:21:00,16:26:00,8.083333333333334
52554,2024-07-27,1,08:28:00,16:39:00,8.183333333333334
52554,2024-07-28,2,08:25:00,17:02:00,8.616666666666667
52554,2024-07-29,2,08:23:00,17:04:00,8.683333333333334
52554,2024-07-30,6,08:26:00,16:53:00,8.45
52554,2024-07-31,6,08:18:00,17:14:00,8.933333333333334
52554,2024-08-01,0,08:25:00,17:00:00,8.583333333333334
52554,2024-08-04,0,09:59:00,18:17:00,8.3
52554,2024-08-05,1,08:13:00,16:54:00,8.683333333333334
52555,2024-07-07,1,08:57:00,17:00:00,8.05
52555,2024-07-08,2,08:01:00,17:15:00,9.233333333333333
52555,2024-07-09,2,08:15:00,17:06:00,8.85
52555,2024-07-10,3,08:34:00,17:25:00,8.85
52555,2024-07-12,3,08:17:00,23:56:00,15.65
52555,2024-07-13,5,00:01:00,17:00:00,16.983333333333334
52555,2024-07-14,5,08:19:00,17:17:00,8.966666666666667
52555,2024-07-15,6,08:16:00,16:37:00,8.35
52555,2024-07-16,6,08:12:00,17:02:00,8.833333333333334
52555,2024-07-27,0,08:42:00,17:30:00,8.8
52555,2024-07-28,0,08:48:00,17:33:00,8.75
52555,2024-07-29,1,08:14:00,17:33:00,9.316666666666666
52555,2024-07-30,1,08:30:00,17:38:00,9.133333333333333
52555,2024-07-31,6,08:09:00,17:03:00,8.9
52555,2024-08-01,6,08:15:00,15:42:00,7.45
52555,2024-08-03,0,08:19:00,17:14:00,8.916666666666666
52555,2024-08-04,0,08:24:00,17:00:00,8.6
52555,2024-08-05,1,08:26:00,17:01:00,8.583333333333334
52556,2024-06-12,1,15:15:00,17:00:00,1.75
52556,2024-06-22,2,12:35:00,17:02:00,4.45
52556,2024-06-23,2,08:30:00,17:12:00,8.7
52556,2024-06-24,3,08:55:00,17:22:00,8.45
52556,2024-06-25,3,08:25:00,19:34:00,11.15
52556,2024-06-26,5,08:33:00,17:18:00,8.75
52556,2024-06-27,5,08:31:00,17:17:00,8.766666666666667
52556,2024-06-28,6,08:33:00,19:29:00,10.933333333333334
52556,2024-06-29,6,08:35:00,17:20:00,8.75
52556,2024-06-30,0,08:32:00,17:20:00,8.8
52556,2024-07-01,0,08:31:00,17:29:00,8.966666666666667
52556,2024-07-02,6,08:30:00,17:28:00,8.966666666666667
52556,2024-07-03,6,08:45:00,13:17:00,4.533333333333333
52556,2024-07-08,0,08:41:00,17:37:00,8.933333333333334
52556,2024-07-09,0,08:33:00,17:15:00,8.7
52556,2024-07-10,1,08:35:00,20:59:00,12.4
52556,2024-07-11,1,08:42:00,17:18:00,8.6
52556,2024-07-12,3,08:39:00,19:17:00,10.633333333333333
52556,2024-07-13,3,08:57:00,17:47:00,8.833333333333334
52556,2024-07-14,6,08:35:00,17:18:00,8.716666666666667
52556,2024-07-15,6,08:42:00,17:34:00,8.866666666666667
52556,2024-07-20,0,12:48:00,17:29:00,4.683333333333334
52556,2024-07-21,0,08:44:00,17:14:00,8.5
52556,2024-07-22,1,08:40:00,17:18:00,8.633333333333333
52556,2024-07-23,1,08:23:00,17:05:00,8.7
52556,2024-07-24,2,08:23:00,17:00:00,8.616666666666667
52556,2024-07-26,2,09:03:00,23:19:00,14.266666666666667
52556,2024-07-27,3,08:39:00,18:15:00,9.6
52556,2024-07-28,3,08:32:00,20:38:00,12.1
52556,2024-07-29,0,08:40:00,13:34:00,4.9
52556,2024-08-01,0,12:30:00,17:19:00,4.816666666666666
52556,2024-08-02,1,08:39:00,20:43:00,12.066666666666666
52556,2024-08-03,1,08:45:00,17:12:00,8.45
52556,2024-08-04,2,08:43:00,17:38:00,8.916666666666666
52557,2024-06-02,2,11:00:00,19:56:00,8.933333333333334
52557,2024-06-04,3,09:50:00,18:21:00,8.516666666666667
52557,2024-06-05,3,09:13:00,17:09:00,7.933333333333334
52557,2024-06-11,6,10:44:00,17:30:00,6.766666666666667
52557,2024-06-12,6,09:29:00,21:01:00,11.533333333333333
52557,2024-06-13,0,10:18:00,15:27:00,5.15
52557,2024-06-23,0,10:56:00,17:45:00,6.816666666666666
52557,2024-06-24,1,09:11:00,17:44:00,8.55
52557,2024-06-25,1,09:12:00,19:19:00,10.116666666666667
52557,2024-06-26,2,09:12:00,21:03:00,11.85
52557,2024-06-27,2,10:51:00,13:30:00,2.65
52557,2024-06-30,6,10:44:00,18:12:00,7.466666666666667
52557,2024-07-01,6,09:14:00,17:32:00,8.3
52557,2024-07-02,0,09:13:00,18:09:00,8.933333333333334
52557,2024-07-03,0,09:14:00,17:46:00,8.533333333333333
52557,2024-07-04,1,09:14:00,17:10:00,7.933333333333334
52557,2024-07-07,1,10:35:00,17:33:00,6.966666666666667
52557,2024-07-08,6,09:15:00,17:36:00,8.35
52557,2024-07-09,6,09:00:00,18:58:00,9.966666666666667
52557,2024-07-10,0,09:08:00,16:40:00,7.533333333333333
52557,2024-07-14,0,11:00:00,18:51:00,7.85
52557,2024-07-15,1,09:09:00,17:36:00,8.45
52557,2024-07-16,1,09:08:00,15:08:00,6.0
52557,2024-07-17,2,10:58:00,19:00:00,8.033333333333333
52557,2024-07-18,2,09:17:00,17:20:00,8.05
52557,2024-07-21,3,11:23:00,21:08:00,9.75
52557,2024-07-22,3,09:12:00,17:42:00,8.5
52557,2024-07-23,1,09:10:00,19:19:00,10.15
52557,2024-07-24,1,09:14:00,17:30:00,8.266666666666667
52557,2024-07-29,2,10:35:00,17:51:00,7.266666666666667
52557,2024-08-01,2,09:19:00,17:28:00,8.15
52557,2024-08-04,0,10:51:00,19:33:00,8.7
52558,2024-06-02,0,09:05:00,17:26:00,8.35
52558,2024-06-03,1,09:16:00,18:15:00,8.983333333333333
52558,2024-06-04,1,09:19:00,17:24:00,8.083333333333334
52558,2024-06-05,2,09:11:00,18:13:00,9.033333333333333
52558,2024-06-06,2,09:03:00,17:18:00,8.25
52558,2024-06-09,3,09:12:00,17:23:00,8.183333333333334
52558,2024-06-10,3,09:11:00,17:30:00,8.316666666666666
52558,2024-06-11,5,09:10:00,17:30:00,8.333333333333334
52558,2024-06-12,5,09:17:00,17:24:00,8.116666666666667
52558,2024-06-13,6,08:58:00,14:32:00,5.566666666666666
52558,2024-06-23,6,08:52:00,17:35:00,8.716666666666667
52558,2024-06-24,0,10:13:00,17:34:00,7.35
52558,2024-06-25,0,08:50:00,17:46:00,8.933333333333334
52558,2024-06-26,1,08:59:00,17:29:00,8.5
52558,2024-06-27,1,09:04:00,17:35:00,8.516666666666667
52558,2024-06-30,2,09:08:00,16:32:00,7.4
52558,2024-07-01,2,08:51:00,17:27:00,8.6
52558,2024-07-02,3,08:46:00,17:18:00,8.533333333333333
52558,2024-07-04,3,09:20:00,17:30:00,8.166666666666666
52558,2024-07-07,5,09:08:00,17:28:00,8.333333333333334
52558,2024-07-08,5,08:59:00,17:35:00,8.6
52558,2024-07-09,6,09:02:00,17:23:00,8.35
52558,2024-07-14,6,08:57:00,17:38:00,8.683333333333334
52558,2024-07-15,0,09:03:00,17:39:00,8.6
52558,2024-07-16,0,09:09:00,17:30:00,8.35
52558,2024-07-17,1,09:13:00,17:22:00,8.15
52558,2024-07-18,1,09:07:00,17:30:00,8.383333333333333
52558,2024-07-21,5,09:11:00,17:32:00,8.35
52558,2024-07-22,5,08:59:00,17:07:00,8.133333333333333
52558,2024-07-23,6,09:05:00,17:48:00,8.716666666666667
52558,2024-07-24,6,09:20:00,17:59:00,8.65
52558,2024-07-28,0,09:19:00,17:40:00,8.35
52558,2024-07-29,0,08:58:00,17:43:00,8.75
52558,2024-07-30,1,10:01:00,17:44:00,7.716666666666667
52558,2024-07-31,1,09:04:00,17:28:00,8.4
52558,2024-08-01,2,09:14:00,17:36:00,8.366666666666667
52558,2024-08-04,2,10:01:00,17:31:00,7.5
52558,2024-08-05,3,09:05:00,17:15:00,8.166666666666666
52559,2024-06-22,3,18:55:00,21:38:00,2.716666666666667
52559,2024-06-23,5,08:02:00,19:01:00,10.983333333333333
52559,2024-06-24,5,07:35:00,21:27:00,13.866666666666667
52559,2024-06-25,6,07:56:00,20:02:00,12.1
52559,2024-06-26,6,07:58:00,18:13:00,10.25
52559,2024-06-27,0,07:36:00,16:13:00,8.616666666666667
52559,2024-06-29,0,08:45:00,22:32:00,13.783333333333333
52559,2024-06-30,1,07:35:00,17:00:00,9.416666666666666
52559,2024-07-01,1,08:08:00,17:43:00,9.583333333333334
52559,2024-07-02,2,07:41:00,17:23:00,9.7
52559,2024-07-03,2,08:58:00,17:20:00,8.366666666666667
52559,2024-07-04,3,07:27:00,13:42:00,6.25
52559,2024-07-06,3,08:22:00,17:02:00,8.666666666666666
52559,2024-07-07,5,07:51:00,21:04:00,13.216666666666667
52559,2024-07-08,5,07:34:00,22:49:00,15.25
52559,2024-07-09,6,07:33:00,19:49:00,12.266666666666667
52559,2024-07-10,6,07:31:00,17:18:00,9.783333333333333
52559,2024-07-11,0,07:39:00,13:33:00,5.9
52559,2024-07-13,0,08:13:00,17:00:00,8.783333333333333
52559,2024-07-14,1,07:44:00,17:29:00,9.75
52559,2024-07-15,1,07:28:00,19:22:00,11.9
52559,2024-07-16,2,07:30:00,17:31:00,10.016666666666667
52559,2024-07-17,2,07:32:00,17:05:00,9.55
52559,2024-07-18,5,07:17:00,14:09:00,6.866666666666666
52559,2024-07-20,5,08:47:00,19:44:00,10.95
52559,2024-07-21,0,07:30:00,17:46:00,10.266666666666667
52559,2024-07-22,0,08:21:00,18:16:00,9.916666666666666
52559,2024-07-23,1,07:33:00,20:29:00,12.933333333333334
52559,2024-07-24,1,07:59:00,18:28:00,10.483333333333333
52559,2024-07-25,2,07:42:00,14:28:00,6.766666666666667
52559,2024-07-27,2,08:55:00,18:26:00,9.516666666666667
52559,2024-07-28,3,07:48:00,18:34:00,10.766666666666667
52559,2024-07-29,3,07:35:00,19:47:00,12.2
52559,2024-07-30,5,07:42:00,19:03:00,11.35
52559,2024-07-31,5,07:48:00,17:12:00,9.4
52559,2024-08-01,6,07:42:00,13:17:00,5.583333333333333
52559,2024-08-03,6,08:59:00,19:23:00,10.4
52559,2024-08-04,0,07:44:00,20:47:00,13.05
52559,2024-08-05,0,07:46:00,18:51:00,11.083333333333334
52560,2024-06-01,3,08:41:00,16:57:00,8.266666666666667
52560,2024-06-02,3,08:13:00,19:56:00,11.716666666666667
52560,2024-06-03,4,08:09:00,21:08:00,12.983333333333333
52560,2024-06-04,4,07:55:00,21:59:00,14.066666666666666
52560,2024-06-05,5,07:58:00,20:47:00,12.816666666666666
52560,2024-06-06,5,07:37:00,20:55:00,13.3
52560,2024-06-08,3,08:39:00,19:51:00,11.2
52560,2024-06-09,3,07:42:00,21:06:00,13.4
52560,2024-06-10,4,08:12:00,20:22:00,12.166666666666666
52560,2024-06-11,4,08:01:00,22:57:00,14.933333333333334
52560,2024-06-12,5,08:08:00,21:04:00,12.933333333333334
52560,2024-06-13,5,08:27:00,17:32:00,9.083333333333334
52560,2024-06-23,6,07:45:00,19:29:00,11.733333333333333
52560,2024-06-24,6,08:02:00,23:17:00,15.25
52560,2024-06-25,0,07:40:00,21:45:00,14.083333333333334
52560,2024-06-26,0,08:04:00,21:30:00,13.433333333333334
52560,2024-06-27,1,07:59:00,21:11:00,13.2
52560,2024-06-29,1,09:10:00,19:17:00,10.116666666666667
52560,2024-06-30,2,07:27:00,18:18:00,10.85
52560,2024-07-01,2,08:11:00,22:30:00,14.316666666666666
52560,2024-07-02,4,07:55:00,22:26:00,14.516666666666667
52560,2024-07-03,4,08:11:00,23:37:00,15.433333333333334
52560,2024-07-04,5,07:49:00,17:30:00,9.683333333333334
52560,2024-07-06,5,08:50:00,20:36:00,11.766666666666667
52560,2024-07-07,6,07:57:00,22:29:00,14.533333333333333
52560,2024-07-08,6,08:04:00,21:10:00,13.1
52560,2024-07-09,0,07:41:00,22:44:00,15.05
52560,2024-07-10,0,08:12:00,17:30:00,9.3
52560,2024-07-13,1,08:07:00,17:44:00,9.616666666666667
52560,2024-07-14,1,07:57:00,22:44:00,14.783333333333333
52560,2024-07-15,2,08:02:00,21:16:00,13.233333333333333
52560,2024-07-16,2,07:53:00,20:21:00,12.466666666666667
52560,2024-07-17,3,08:02:00,22:39:00,14.616666666666667
52560,2024-07-18,3,09:00:00,22:43:00,13.716666666666667
52560,2024-07-20,4,08:20:00,18:03:00,9.716666666666667
52560,2024-07-21,4,07:45:00,22:40:00,14.916666666666666
52560,2024-07-22,5,07:55:00,20:42:00,12.783333333333333
52560,2024-07-23,5,07:59:00,21:49:00,13.833333333333334
52560,2024-07-24,6,08:08:00,23:46:00,15.633333333333333
52560,2024-07-27,6,08:03:00,18:24:00,10.35
52560,2024-07-28,0,08:01:00,22:33:00,14.533333333333333
52560,2024-07-29,0,07:47:00,22:02:00,14.25
52560,2024-07-30,1,08:01:00,17:30:00,9.483333333333333
52560,2024-07-31,1,08:54:00,22:32:00,13.633333333333333
52560,2024-08-01,2,09:00:00,21:35:00,12.583333333333334
52560,2024-08-03,2,08:29:00,17:43:00,9.233333333333333
52560,2024-08-04,3,07:51:00,22:14:00,14.383333333333333
52562,2024-06-22,3,09:04:00,16:48:00,7.733333333333333
52562,2024-06-23,4,08:41:00,16:56:00,8.25
52562,2024-06-24,4,08:37:00,17:07:00,8.5
52562,2024-06-25,5,09:05:00,17:04:00,7.983333333333333
52562,2024-06-26,5,08:50:00,17:08:00,8.3
52562,2024-06-27,0,08:55:00,12:02:00,3.1166666666666667
52562,2024-06-29,0,08:48:00,16:59:00,8.183333333333334
52562,2024-07-01,5,08:47:00,17:10:00,8.383333333333333
52562,2024-07-02,5,08:59:00,16:51:00,7.866666666666666
52562,2024-07-03,6,08:30:00,17:13:00,8.716666666666667
52562,2024-07-04,6,08:48:00,12:06:00,3.3
52562,2024-07-06,0,08:26:00,16:52:00,8.433333333333334
52562,2024-07-07,0,08:41:00,16:53:00,8.2
52562,2024-07-08,1,08:34:00,16:48:00,8.233333333333333
52562,2024-07-09,1,09:07:00,17:07:00,8.0
52562,2024-07-10,2,09:29:00,17:07:00,7.633333333333334
52562,2024-07-13,2,09:06:00,17:00:00,7.9
52562,2024-07-14,3,08:58:00,16:50:00,7.866666666666666
52562,2024-07-15,3,08:49:00,17:06:00,8.283333333333333
52562,2024-07-16,5,08:41:00,17:14:00,8.55
52562,2024-07-17,5,09:01:00,16:55:00,7.9
52562,2024-07-18,6,08:45:00,12:59:00,4.233333333333333
52562,2024-07-20,6,08:50:00,17:14:00,8.4
52562,2024-07-21,0,09:21:00,16:50:00,7.483333333333333
52562,2024-07-22,0,08:53:00,17:11:00,8.3
52562,2024-07-23,1,08:51:00,16:57:00,8.1
52562,2024-07-24,1,09:10:00,16:28:00,7.3
52562,2024-07-27,2,09:10:00,17:16:00,8.1
52562,2024-07-28,2,08:49:00,17:13:00,8.4
52562,2024-07-29,3,09:06:00,17:12:00,8.1
52562,2024-07-30,3,08:59:00,17:30:00,8.516666666666667
52562,2024-07-31,5,08:54:00,17:20:00,8.433333333333334
52562,2024-08-01,5,08:51:00,12:46:00,3.9166666666666665
52562,2024-08-03,6,09:07:00,17:08:00,8.016666666666667
52562,2024-08-04,6,09:11:00,17:05:00,7.9
52563,2024-06-24,0,08:54:00,17:23:00,8.483333333333333
52563,2024-06-25,0,08:26:00,19:35:00,11.15
52563,2024-06-26,1,08:57:00,17:17:00,8.333333333333334
52563,2024-06-27,1,08:31:00,17:17:00,8.766666666666667
52563,2024-06-28,2,08:33:00,19:29:00,10.933333333333334
52563,2024-06-29,2,08:35:00,17:00:00,8.416666666666666
52563,2024-06-30,3,08:32:00,17:20:00,8.8
52563,2024-07-01,3,08:31:00,17:29:00,8.966666666666667
52563,2024-07-02,5,08:30:00,17:27:00,8.95
52563,2024-07-06,5,09:27:00,16:38:00,7.183333333333334
52563,2024-07-07,6,08:14:00,17:45:00,9.516666666666667
52563,2024-07-08,6,08:35:00,17:01:00,8.433333333333334
52563,2024-07-09,0,08:36:00,17:00:00,8.4
52563,2024-07-10,0,08:28:00,17:38:00,9.166666666666666
52563,2024-07-11,1,08:42:00,12:16:00,3.566666666666667
52563,2024-07-14,1,09:47:00,17:01:00,7.233333333333333
52563,2024-07-15,2,08:16:00,17:00:00,8.733333333333333
52563,2024-07-16,2,08:12:00,17:58:00,9.766666666666667
52563,2024-07-17,3,08:43:00,17:06:00,8.383333333333333
52563,2024-07-18,3,08:25:00,12:31:00,4.1
52563,2024-07-20,5,10:15:00,17:15:00,7.0
52563,2024-07-21,5,08:52:00,17:23:00,8.516666666666667
52563,2024-07-22,6,08:24:00,17:23:00,8.983333333333333
52563,2024-07-23,6,07:57:00,17:16:00,9.316666666666666
52563,2024-07-24,0,08:15:00,16:55:00,8.666666666666666
52563,2024-07-25,0,08:00:00,17:29:00,9.483333333333333
52563,2024-07-26,1,07:46:00,17:23:00,9.616666666666667
52563,2024-07-27,1,08:10:00,17:02:00,8.866666666666667
52563,2024-07-28,2,08:35:00,17:07:00,8.533333333333333
52563,2024-07-29,2,08:34:00,17:07:00,8.55
52563,2024-07-30,3,08:40:00,15:31:00,6.85
52564,2024-06-01,3,09:00:00,16:06:00,7.1
52564,2024-06-02,5,09:16:00,17:26:00,8.166666666666666
52564,2024-06-03,5,09:13:00,17:42:00,8.483333333333333
52564,2024-06-04,6,09:00:00,17:25:00,8.416666666666666
52564,2024-06-05,6,09:00:00,17:30:00,8.5
52564,2024-06-06,0,09:00:00,16:55:00,7.916666666666667
52564,2024-06-09,0,09:00:00,17:30:00,8.5
52564,2024-06-10,1,09:00:00,17:08:00,8.133333333333333
52564,2024-06-11,1,09:00:00,15:01:00,6.016666666666667
52564,2024-06-12,2,09:00:00,17:29:00,8.483333333333333
52564,2024-06-13,2,09:29:00,17:30:00,8.016666666666667
52564,2024-06-23,3,09:08:00,17:36:00,8.466666666666667
52564,2024-06-24,3,09:12:00,17:34:00,8.366666666666667
52564,2024-06-25,5,09:14:00,18:13:00,8.983333333333333
52564,2024-06-26,5,09:17:00,17:30:00,8.216666666666667
52564,2024-06-29,6,11:19:00,17:31:00,6.2
52564,2024-07-01,6,09:09:00,17:33:00,8.4
52564,2024-07-02,0,09:22:00,17:33:00,8.183333333333334
52564,2024-07-03,0,11:17:00,17:31:00,6.233333333333333
52564,2024-07-04,0,09:40:00,17:31:00,7.85
52564,2024-07-07,0,11:10:00,17:31:00,6.35
52564,2024-07-08,1,09:10:00,17:32:00,8.366666666666667
52564,2024-07-09,1,11:06:00,17:33:00,6.45
52564,2024-07-10,2,09:13:00,17:30:00,8.283333333333333
52564,2024-07-14,2,08:45:00,17:29:00,8.733333333333333
52564,2024-07-15,0,09:26:00,17:30:00,8.066666666666666
52564,2024-07-16,0,09:20:00,17:30:00,8.166666666666666
52564,2024-07-18,1,09:07:00,17:32:00,8.416666666666666
52564,2024-07-21,1,09:10:00,17:34:00,8.4
52564,2024-07-22,2,09:13:00,16:15:00,7.033333333333333
52564,2024-07-24,2,09:19:00,17:31:00,8.2
52564,2024-07-28,3,11:04:00,17:32:00,6.466666666666667
52564,2024-07-29,3,09:20:00,17:32:00,8.2
52564,2024-07-30,5,09:12:00,17:33:00,8.35
52564,2024-07-31,5,09:14:00,17:38:00,8.4
52564,2024-08-01,6,09:55:00,15:31:00,5.6
52564,2024-08-04,6,09:53:00,17:31:00,7.633333333333334
52564,2024-08-05,0,09:13:00,17:31:00,8.3
52565,2024-06-22,0,08:27:00,17:00:00,8.55
52565,2024-06-23,1,08:15:00,17:03:00,8.8
52565,2024-06-24,1,08:23:00,17:00:00,8.616666666666667
52565,2024-06-25,2,08:15:00,17:02:00,8.783333333333333
52565,2024-06-26,2,07:14:00,17:02:00,9.8
52565,2024-06-27,3,08:18:00,20:35:00,12.283333333333333
52565,2024-06-28,3,01:51:00,03:06:00,1.25
52565,2024-07-01,4,08:12:00,17:05:00,8.883333333333333
52565,2024-07-02,4,08:36:00,17:05:00,8.483333333333333
52565,2024-07-03,5,08:03:00,17:02:00,8.983333333333333
52565,2024-07-04,5,07:51:00,17:00:00,9.15
52565,2024-07-06,5,08:17:00,17:00:00,8.716666666666667
52565,2024-07-07,5,07:54:00,17:09:00,9.25
52565,2024-07-08,6,06:50:00,15:56:00,9.1
52565,2024-07-09,6,07:54:00,17:04:00,9.166666666666666
52565,2024-07-10,0,08:02:00,17:06:00,9.066666666666666
52565,2024-07-13,0,08:12:00,17:47:00,9.583333333333334
52565,2024-07-14,1,08:35:00,17:18:00,8.716666666666667
52565,2024-07-15,1,08:43:00,17:34:00,8.85
52565,2024-07-16,2,08:34:00,17:32:00,8.966666666666667
52565,2024-07-17,2,08:42:00,17:19:00,8.616666666666667
52565,2024-07-18,5,08:32:00,18:23:00,9.85
52565,2024-07-19,5,08:06:00,12:42:00,4.6
52565,2024-07-23,0,08:44:00,17:14:00,8.5
52565,2024-07-24,0,08:03:00,17:10:00,9.116666666666667
52565,2024-07-25,1,07:39:00,12:34:00,4.916666666666667
52565,2024-07-27,1,16:16:00,17:00:00,0.7333333333333333
52565,2024-07-28,2,08:22:00,23:59:00,15.616666666666667
52565,2024-07-29,2,00:01:00,23:59:00,23.966666666666665
52565,2024-07-30,3,00:01:00,23:58:00,23.95
52565,2024-07-31,3,00:01:00,23:58:00,23.95
52565,2024-08-01,5,00:01:00,23:59:00,23.966666666666665
52565,2024-08-02,5,00:02:00,23:59:00,23.95
52565,2024-08-03,0,00:01:00,23:58:00,23.95
52565,2024-08-04,0,00:01:00,23:59:00,23.966666666666665
52565,2024-08-05,6,00:01:00,08:03:00,8.033333333333333
52566,2024-06-22,6,08:21:00,17:04:00,8.716666666666667
52566,2024-06-23,0,07:47:00,17:09:00,9.366666666666667
52566,2024-06-24,0,07:50:00,17:05:00,9.25
52566,2024-06-25,1,07:42:00,17:05:00,9.383333333333333
52566,2024-06-26,1,07:49:00,17:06:00,9.283333333333333
52566,2024-06-27,2,07:50:00,17:04:00,9.233333333333333
52566,2024-06-28,2,07:38:00,17:01:00,9.383333333333333
52566,2024-06-29,3,07:55:00,17:03:00,9.133333333333333
52566,2024-06-30,3,07:50:00,17:03:00,9.216666666666667
52566,2024-07-01,6,07:49:00,17:05:00,9.266666666666667
52566,2024-07-02,6,07:53:00,17:03:00,9.166666666666666
52566,2024-07-03,0,08:09:00,17:03:00,8.9
52566,2024-07-04,0,07:59:00,17:03:00,9.066666666666666
52566,2024-07-05,1,07:58:00,17:04:00,9.1
52566,2024-07-06,1,07:59:00,17:06:00,9.116666666666667
52566,2024-07-07,2,07:51:00,17:03:00,9.2
52566,2024-07-08,2,07:59:00,17:04:00,9.083333333333334
52566,2024-07-09,3,07:53:00,17:04:00,9.183333333333334
52566,2024-07-10,3,07:53:00,17:03:00,9.166666666666666
52566,2024-07-11,0,07:47:00,17:14:00,9.45
52566,2024-07-12,0,07:51:00,17:26:00,9.583333333333334
52566,2024-07-13,1,07:53:00,17:06:00,9.216666666666667
52566,2024-07-14,1,07:54:00,15:02:00,7.133333333333334
52566,2024-07-22,2,08:33:00,17:02:00,8.483333333333333
52566,2024-07-23,2,07:54:00,17:03:00,9.15
52566,2024-07-24,3,07:57:00,17:03:00,9.1
52566,2024-07-25,3,07:51:00,17:02:00,9.183333333333334
52566,2024-07-26,0,07:59:00,17:02:00,9.05
52566,2024-07-27,0,07:47:00,17:07:00,9.333333333333334
52566,2024-07-28,1,07:54:00,17:08:00,9.233333333333333
52566,2024-07-29,1,07:38:00,17:02:00,9.4
52566,2024-07-30,2,07:47:00,17:04:00,9.283333333333333
52566,2024-07-31,2,07:41:00,17:09:00,9.466666666666667
52566,2024-08-01,3,07:46:00,17:15:00,9.483333333333333
52566,2024-08-02,3,07:56:00,17:04:00,9.133333333333333
52566,2024-08-03,6,07:45:00,17:06:00,9.35
52566,2024-08-04,6,07:41:00,17:02:00,9.35
52566,2024-08-05,0,07:47:00,17:55:00,10.133333333333333
52567,2024-06-02,0,09:15:00,18:12:00,8.95
52567,2024-06-03,1,09:10:00,20:58:00,11.8
52567,2024-06-04,1,11:13:00,18:57:00,7.733333333333333
52567,2024-06-05,2,10:31:00,18:49:00,8.3
52567,2024-06-06,2,09:33:00,17:44:00,8.183333333333334
52567,2024-06-23,6,10:45:00,18:49:00,8.066666666666666
52567,2024-06-24,6,10:25:00,18:50:00,8.416666666666666
52567,2024-06-25,0,10:38:00,18:53:00,8.25
52567,2024-06-26,0,09:52:00,17:57:00,8.083333333333334
52567,2024-06-27,2,09:28:00,19:29:00,10.016666666666667
52567,2024-06-29,2,10:00:00,18:59:00,8.983333333333333
52567,2024-06-30,3,10:17:00,18:17:00,8.0
52567,2024-07-01,3,09:16:00,17:50:00,8.566666666666666
52567,2024-07-02,6,09:56:00,18:04:00,8.133333333333333
52567,2024-07-03,6,10:05:00,18:43:00,8.633333333333333
52567,2024-07-04,0,10:30:00,19:41:00,9.183333333333334
52567,2024-07-07,0,10:06:00,18:13:00,8.116666666666667
52567,2024-07-08,1,09:49:00,18:42:00,8.883333333333333
52567,2024-07-09,1,09:54:00,19:35:00,9.683333333333334
52567,2024-07-10,2,10:07:00,19:17:00,9.166666666666666
52567,2024-07-14,2,11:01:00,19:35:00,8.566666666666666
52567,2024-07-15,6,10:16:00,18:18:00,8.033333333333333
52567,2024-07-16,6,10:00:00,18:01:00,8.016666666666667
52567,2024-07-17,0,09:38:00,16:07:00,6.483333333333333
52567,2024-07-18,0,09:59:00,16:44:00,6.75
52567,2024-07-21,1,10:13:00,18:15:00,8.033333333333333
52567,2024-07-22,1,09:57:00,18:07:00,8.166666666666666
52567,2024-07-23,2,11:58:00,18:26:00,6.466666666666667
52567,2024-07-24,2,10:27:00,18:43:00,8.266666666666667
52567,2024-07-28,3,09:59:00,18:06:00,8.116666666666667
52567,2024-07-29,3,09:55:00,17:57:00,8.033333333333333
52567,2024-07-30,6,09:45:00,18:03:00,8.3
52567,2024-07-31,6,10:05:00,18:30:00,8.416666666666666
52567,2024-08-01,5,09:37:00,18:10:00,8.55
52567,2024-08-04,5,09:55:00,17:59:00,8.066666666666666
52567,2024-08-05,6,10:12:00,18:15:00,8.05
52569,2024-06-01,6,08:41:00,16:30:00,7.816666666666666
52569,2024-06-03,0,08:59:00,17:45:00,8.766666666666667
52569,2024-06-04,0,08:45:00,17:36:00,8.85
52569,2024-06-05,1,08:34:00,17:24:00,8.833333333333334
52569,2024-06-06,1,08:33:00,17:11:00,8.633333333333333
52569,2024-06-09,3,08:31:00,17:32:00,9.016666666666667
52569,2024-06-10,3,09:06:00,17:54:00,8.8
52569,2024-06-11,6,09:00:00,17:50:00,8.833333333333334
52569,2024-06-12,6,08:41:00,17:20:00,8.65
52569,2024-06-13,0,09:39:00,14:32:00,4.883333333333334
52570,2024-06-01,0,11:45:00,16:39:00,4.9
52570,2024-06-02,1,09:15:00,17:27:00,8.2
52570,2024-06-03,1,09:10:00,17:42:00,8.533333333333333
52570,2024-06-04,2,09:21:00,17:34:00,8.216666666666667
52570,2024-06-05,2,09:38:00,17:30:00,7.866666666666666
52570,2024-06-06,6,09:02:00,14:50:00,5.8
52570,2024-06-09,6,08:45:00,17:32:00,8.783333333333333
52570,2024-06-10,0,08:36:00,17:26:00,8.833333333333334
52570,2024-06-11,0,08:45:00,17:31:00,8.766666666666667
52570,2024-06-12,1,08:41:00,17:30:00,8.816666666666666
52570,2024-06-13,1,08:58:00,17:26:00,8.466666666666667
52570,2024-06-23,2,08:39:00,17:30:00,8.85
52570,2024-06-25,2,08:40:00,17:33:00,8.883333333333333
52570,2024-06-26,3,08:49:00,17:30:00,8.683333333333334
52570,2024-06-27,3,08:43:00,17:30:00,8.783333333333333
52570,2024-06-29,6,09:49:00,17:55:00,8.1
52570,2024-06-30,6,08:48:00,17:30:00,8.7
52570,2024-07-01,0,08:45:00,17:30:00,8.75
52570,2024-07-02,0,08:35:00,17:30:00,8.916666666666666
52570,2024-07-03,1,08:32:00,17:30:00,8.966666666666667
52570,2024-07-04,1,09:00:00,17:30:00,8.5
52570,2024-07-07,2,09:00:00,17:28:00,8.466666666666667
52570,2024-07-09,2,08:41:00,17:30:00,8.816666666666666
52570,2024-07-10,3,08:44:00,17:45:00,9.016666666666667
52570,2024-07-13,3,08:33:00,16:30:00,7.95
52570,2024-07-14,6,08:35:00,17:29:00,8.9
52570,2024-07-15,6,08:36:00,17:31:00,8.916666666666666
52570,2024-07-16,0,08:44:00,17:30:00,8.766666666666667
52570,2024-07-17,0,08:49:00,17:34:00,8.75
52570,2024-07-18,1,08:36:00,15:07:00,6.516666666666667
52570,2024-07-21,1,08:40:00,17:30:00,8.833333333333334
52570,2024-07-22,2,08:48:00,17:35:00,8.783333333333333
52570,2024-07-23,2,08:41:00,17:30:00,8.816666666666666
52570,2024-07-24,5,08:40:00,17:32:00,8.866666666666667
52570,2024-07-27,5,09:01:00,17:20:00,8.316666666666666
52570,2024-07-28,6,08:40:00,16:53:00,8.216666666666667
52570,2024-07-29,6,08:41:00,17:29:00,8.8
52570,2024-07-30,1,08:38:00,17:30:00,8.866666666666667
52570,2024-07-31,1,08:53:00,17:32:00,8.65
52570,2024-08-01,2,08:38:00,16:49:00,8.183333333333334
52570,2024-08-04,2,08:44:00,17:39:00,8.916666666666666
52570,2024-08-05,3,08:26:00,16:39:00,8.216666666666667
52571,2024-06-22,3,08:41:00,16:47:00,8.1
52571,2024-06-23,6,08:38:00,16:57:00,8.316666666666666
52571,2024-06-24,6,08:23:00,16:51:00,8.466666666666667
52571,2024-06-25,0,08:44:00,16:38:00,7.9
52571,2024-06-26,0,08:32:00,17:00:00,8.466666666666667
52571,2024-06-27,1,08:31:00,12:01:00,3.5
52571,2024-06-29,1,08:47:00,16:59:00,8.2
52571,2024-07-01,2,08:35:00,16:52:00,8.283333333333333
52571,2024-07-02,2,08:35:00,16:52:00,8.283333333333333
52571,2024-07-03,5,08:34:00,17:00:00,8.433333333333334
52571,2024-07-04,5,08:39:00,12:05:00,3.433333333333333
52571,2024-07-06,6,08:46:00,17:00:00,8.233333333333333
52571,2024-07-07,6,08:34:00,16:44:00,8.166666666666666
52571,2024-07-09,0,08:37:00,16:48:00,8.183333333333334
52571,2024-07-13,0,08:45:00,16:37:00,7.866666666666666
52571,2024-07-14,2,08:34:00,16:49:00,8.25
52571,2024-07-15,2,08:40:00,14:21:00,5.683333333333334
52571,2024-07-16,3,08:32:00,17:33:00,9.016666666666667
52571,2024-07-17,3,08:30:00,17:27:00,8.95
52571,2024-07-18,6,08:23:00,12:26:00,4.05
52571,2024-07-20,6,08:43:00,17:00:00,8.283333333333333
52571,2024-07-21,0,08:47:00,16:44:00,7.95
52571,2024-07-22,0,08:39:00,14:29:00,5.833333333333333
52571,2024-07-23,6,08:42:00,16:34:00,7.866666666666666
52571,2024-07-24,6,08:39:00,14:34:00,5.916666666666667
52571,2024-07-30,0,09:29:00,14:53:00,5.4
52571,2024-07-31,0,08:12:00,17:00:00,8.8
52571,2024-08-03,6,10:20:00,13:44:00,3.4
52571,2024-08-04,6,09:19:00,17:00:00,7.683333333333334
52571,2024-08-05,1,09:24:00,15:27:00,6.05
52572,2024-06-02,1,09:25:00,17:32:00,8.116666666666667
52572,2024-06-03,3,10:59:00,18:08:00,7.15
52572,2024-06-04,3,09:30:00,18:36:00,9.1
52572,2024-06-05,5,09:19:00,20:16:00,10.95
52572,2024-06-06,5,10:00:00,19:04:00,9.066666666666666
52572,2024-06-09,0,09:08:00,17:03:00,7.916666666666667
52572,2024-06-10,0,09:03:00,17:55:00,8.866666666666667
52572,2024-06-11,2,09:19:00,17:40:00,8.35
52572,2024-06-12,2,09:00:00,17:52:00,8.866666666666667
52572,2024-06-13,3,09:18:00,16:00:00,6.7
52572,2024-06-24,3,09:05:00,17:54:00,8.816666666666666
52572,2024-06-25,5,08:56:00,18:13:00,9.283333333333333
52572,2024-06-26,5,09:03:00,17:45:00,8.7
52572,2024-06-27,6,09:03:00,13:30:00,4.45
52572,2024-07-01,6,10:53:00,17:50:00,6.95
52572,2024-07-03,0,10:47:00,17:46:00,6.983333333333333
52572,2024-07-04,0,10:15:00,17:31:00,7.266666666666667
52572,2024-07-08,1,09:21:00,18:06:00,8.75
52572,2024-07-09,1,09:11:00,19:14:00,10.05
52572,2024-07-10,2,09:16:00,18:39:00,9.383333333333333
52572,2024-07-14,2,09:06:00,17:36:00,8.5
52572,2024-07-16,6,09:05:00,17:37:00,8.533333333333333
52572,2024-07-17,6,09:04:00,17:33:00,8.483333333333333
52572,2024-07-18,0,09:17:00,17:52:00,8.583333333333334
52572,2024-07-21,0,09:05:00,17:57:00,8.866666666666667
52572,2024-07-22,6,11:14:00,17:53:00,6.65
52572,2024-07-23,6,09:02:00,18:35:00,9.55
52572,2024-07-24,0,09:26:00,18:10:00,8.733333333333333
52572,2024-07-28,0,09:13:00,18:04:00,8.85
52572,2024-07-29,1,11:07:00,17:59:00,6.866666666666666
52572,2024-07-31,1,11:37:00,17:41:00,6.066666666666666
52572,2024-08-01,3,08:55:00,17:30:00,8.583333333333334
52572,2024-08-04,3,09:10:00,17:39:00,8.483333333333333
52572,2024-08-05,0,09:11:00,17:43:00,8.533333333333333
52573,2024-06-02,0,09:10:00,18:00:00,8.833333333333334
52573,2024-06-03,6,08:37:00,17:50:00,9.216666666666667
52573,2024-06-04,6,08:37:00,17:48:00,9.183333333333334
52573,2024-06-05,0,08:50:00,18:13:00,9.383333333333333
52573,2024-06-08,0,09:55:00,17:30:00,7.583333333333333
52573,2024-06-09,1,08:41:00,17:35:00,8.9
52573,2024-06-10,1,08:44:00,19:18:00,10.566666666666666
52573,2024-06-11,2,10:33:00,17:34:00,7.016666666666667
52573,2024-06-12,2,08:56:00,17:37:00,8.683333333333334
52573,2024-06-23,3,08:54:00,17:37:00,8.716666666666667
52573,2024-06-24,3,09:00:00,17:44:00,8.733333333333333
52573,2024-06-25,5,08:39:00,17:39:00,9.0
52573,2024-06-26,5,09:07:00,16:01:00,6.9
52573,2024-06-29,6,08:55:00,17:42:00,8.783333333333333
52573,2024-07-01,6,08:57:00,17:39:00,8.7
52573,2024-07-02,0,10:45:00,17:31:00,6.766666666666667
52573,2024-07-03,0,08:52:00,17:37:00,8.75
52573,2024-07-06,1,08:50:00,17:38:00,8.8
52573,2024-07-07,1,08:55:00,18:09:00,9.233333333333333
52573,2024-07-08,2,08:54:00,17:32:00,8.633333333333333
52573,2024-07-09,2,08:55:00,17:51:00,8.933333333333334
52573,2024-07-10,3,08:55:00,17:46:00,8.85
52573,2024-07-13,3,08:58:00,17:33:00,8.583333333333334
52573,2024-07-14,0,09:18:00,17:35:00,8.283333333333333
52573,2024-07-15,0,08:59:00,18:09:00,9.166666666666666
52573,2024-07-16,1,08:47:00,18:25:00,9.633333333333333
52573,2024-07-17,1,08:57:00,18:48:00,9.85
52573,2024-07-20,2,09:10:00,17:40:00,8.5
52573,2024-07-21,2,08:59:00,17:34:00,8.583333333333334
52573,2024-07-22,3,08:56:00,17:37:00,8.683333333333334
52573,2024-07-23,3,09:13:00,18:32:00,9.316666666666666
52573,2024-07-24,5,09:00:00,17:30:00,8.5
52573,2024-08-03,5,08:57:00,17:34:00,8.616666666666667
52573,2024-08-04,6,08:57:00,17:31:00,8.566666666666666
52573,2024-08-05,6,08:53:00,17:34:00,8.683333333333334
52574,2024-06-02,0,08:55:00,17:07:00,8.2
52574,2024-06-05,0,09:07:00,17:41:00,8.566666666666666
52574,2024-06-06,1,09:02:00,17:29:00,8.45
52574,2024-06-09,1,09:00:00,17:27:00,8.45
52574,2024-06-11,2,09:03:00,17:44:00,8.683333333333334
52574,2024-06-12,2,09:12:00,17:28:00,8.266666666666667
52574,2024-06-13,3,09:04:00,15:29:00,6.416666666666667
52574,2024-06-23,3,08:41:00,17:30:00,8.816666666666666
52574,2024-06-24,5,09:00:00,17:38:00,8.633333333333333
52574,2024-06-25,5,08:55:00,17:35:00,8.666666666666666
52574,2024-06-26,6,09:08:00,17:41:00,8.55
52574,2024-06-27,6,08:54:00,17:45:00,8.85
52574,2024-06-30,0,08:55:00,17:30:00,8.583333333333334
52574,2024-07-01,0,09:01:00,17:31:00,8.5
52574,2024-07-02,1,08:57:00,17:31:00,8.566666666666666
52574,2024-07-03,1,08:49:00,17:33:00,8.733333333333333
52574,2024-07-04,2,12:25:00,17:31:00,5.1
52574,2024-07-06,2,09:00:00,17:30:00,8.5
52574,2024-07-07,3,08:53:00,17:31:00,8.633333333333333
52574,2024-07-08,3,08:54:00,17:35:00,8.683333333333334
52574,2024-07-09,5,09:00:00,17:33:00,8.55
52574,2024-07-10,5,09:03:00,15:31:00,6.466666666666667
52574,2024-07-14,6,08:53:00,17:30:00,8.616666666666667
52574,2024-07-15,6,09:07:00,17:31:00,8.4
52574,2024-07-16,0,08:53:00,17:30:00,8.616666666666667
52574,2024-07-17,0,09:02:00,17:31:00,8.483333333333333
52574,2024-07-20,1,09:01:00,17:36:00,8.583333333333334
52574,2024-07-21,1,08:52:00,17:33:00,8.683333333333334
52574,2024-07-22,2,09:04:00,17:31:00,8.45
52574,2024-07-24,2,09:00:00,17:30:00,8.5
52574,2024-07-28,3,08:54:00,17:40:00,8.766666666666667
52574,2024-07-29,3,08:55:00,18:24:00,9.483333333333333
52574,2024-07-30,5,09:04:00,17:32:00,8.466666666666667
52574,2024-07-31,5,08:59:00,17:30:00,8.516666666666667
52574,2024-08-01,6,09:06:00,17:32:00,8.433333333333334
52574,2024-08-03,6,09:05:00,15:31:00,6.433333333333334
52574,2024-08-04,0,09:00:00,17:32:00,8.533333333333333
52574,2024-08-05,0,09:03:00,17:32:00,8.483333333333333
52575,2024-06-22,2,08:04:00,16:59:00,8.916666666666666
52575,2024-06-23,2,08:11:00,17:05:00,8.9
52575,2024-06-24,3,08:07:00,17:03:00,8.933333333333334
52575,2024-06-25,3,08:20:00,17:02:00,8.7
52575,2024-06-26,5,08:21:00,17:06:00,8.75
52575,2024-06-27,5,08:16:00,12:43:00,4.45
52575,2024-06-29,6,08:07:00,17:02:00,8.916666666666666
52575,2024-06-30,6,08:08:00,17:00:00,8.866666666666667
52575,2024-07-01,0,08:11:00,17:02:00,8.85
52575,2024-07-02,0,08:19:00,17:02:00,8.716666666666667
52575,2024-07-03,1,08:18:00,17:10:00,8.866666666666667
52575,2024-07-04,1,08:10:00,12:53:00,4.716666666666667
52575,2024-07-06,2,08:06:00,17:04:00,8.966666666666667
52575,2024-07-07,2,08:31:00,13:00:00,4.483333333333333
52575,2024-07-08,3,08:26:00,19:31:00,11.083333333333334
52575,2024-07-09,3,07:59:00,17:00:00,9.016666666666667
52575,2024-07-10,5,08:38:00,17:03:00,8.416666666666666
52575,2024-07-11,5,08:13:00,13:02:00,4.816666666666666
52575,2024-07-13,6,08:21:00,17:01:00,8.666666666666666
52575,2024-07-14,6,08:16:00,17:01:00,8.75
52575,2024-07-15,0,08:28:00,17:10:00,8.7
52575,2024-07-16,0,08:14:00,17:30:00,9.266666666666667
52575,2024-07-17,1,08:10:00,17:15:00,9.083333333333334
52575,2024-07-18,1,08:10:00,13:01:00,4.85
52575,2024-07-20,2,08:12:00,17:19:00,9.116666666666667
52575,2024-07-21,2,08:05:00,17:00:00,8.916666666666666
52575,2024-07-22,3,08:36:00,17:02:00,8.433333333333334
52575,2024-07-23,3,08:18:00,17:01:00,8.716666666666667
52575,2024-07-24,5,08:24:00,17:01:00,8.616666666666667
52575,2024-07-25,5,08:09:00,12:32:00,4.383333333333334
52575,2024-07-27,6,08:20:00,17:07:00,8.783333333333333
52575,2024-07-28,6,07:54:00,17:01:00,9.116666666666667
52575,2024-07-29,0,08:23:00,17:01:00,8.633333333333333
52575,2024-07-30,0,08:40:00,17:11:00,8.516666666666667
52575,2024-07-31,1,08:22:00,17:09:00,8.783333333333333
52575,2024-08-01,1,08:20:00,12:38:00,4.3
52575,2024-08-04,2,08:29:00,17:11:00,8.7
52575,2024-08-05,2,08:23:00,17:05:00,8.7
52711,2024-06-23,6,08:07:00,16:38:00,8.516666666666667
52711,2024-06-24,6,08:57:00,17:43:00,8.766666666666667
52711,2024-06-25,0,08:08:00,16:36:00,8.466666666666667
52711,2024-06-26,0,11:15:00,19:11:00,7.933333333333334
52711,2024-06-27,1,09:03:00,13:30:00,4.45
52711,2024-07-01,1,09:27:00,17:34:00,8.116666666666667
52711,2024-07-02,2,07:57:00,16:40:00,8.716666666666667
52711,2024-07-03,2,11:04:00,17:46:00,6.7
52711,2024-07-04,3,09:26:00,16:38:00,7.2
52711,2024-07-07,3,07:57:00,16:42:00,8.75
52711,2024-07-08,5,09:04:00,17:30:00,8.433333333333334
52711,2024-07-09,5,08:00:00,16:44:00,8.733333333333333
52711,2024-07-10,6,09:04:00,17:28:00,8.4
52711,2024-07-14,6,08:07:00,16:30:00,8.383333333333333
52711,2024-07-15,0,09:11:00,17:30:00,8.316666666666666
52711,2024-07-16,0,08:29:00,17:30:00,9.016666666666667
52711,2024-07-17,1,10:01:00,17:32:00,7.516666666666667
52711,2024-07-20,1,09:05:00,17:31:00,8.433333333333334
52711,2024-07-21,2,09:25:00,16:44:00,7.316666666666666
52711,2024-07-22,2,09:07:00,17:31:00,8.4
52711,2024-07-23,5,08:50:00,16:44:00,7.9
52711,2024-07-24,5,09:52:00,17:41:00,7.816666666666666
52711,2024-07-28,6,08:01:00,16:43:00,8.7
52711,2024-07-29,6,08:54:00,17:38:00,8.733333333333333
52711,2024-07-30,0,08:09:00,16:49:00,8.666666666666666
52711,2024-08-01,0,11:07:00,18:10:00,7.05
52711,2024-08-04,1,08:00:00,16:48:00,8.8
53152,2024-07-08,1,09:39:00,17:30:00,7.85
53152,2024-07-09,6,08:09:00,17:30:00,9.35
53152,2024-07-10,6,08:55:00,17:29:00,8.566666666666666
53152,2024-07-14,0,08:26:00,15:02:00,6.6
53152,2024-07-15,0,08:17:00,17:01:00,8.733333333333333
53152,2024-07-16,3,08:31:00,17:02:00,8.516666666666667
53152,2024-07-17,3,09:13:00,17:30:00,8.283333333333333
53152,2024-07-18,5,08:09:00,16:39:00,8.5
53152,2024-07-28,5,08:13:00,16:44:00,8.516666666666667
53152,2024-07-29,6,08:36:00,17:05:00,8.483333333333333
53152,2024-07-30,6,08:05:00,16:38:00,8.55
53152,2024-07-31,0,08:53:00,16:47:00,7.9
53152,2024-08-01,0,08:06:00,16:37:00,8.516666666666667
53152,2024-08-04,1,09:59:00,17:30:00,7.516666666666667
53152,2024-08-05,1,08:09:00,16:39:00,8.5
